,Brand Name,Owner,Female,POC,Year Founded,Product Types,Number of Products,Number of Clean,Percent Clean,Clean
0,Acqua di Parma,Laura Burdese,True,False,1916,"Fragrance, Bath & Body",37,0,0.0,False
1,adwoa beauty,Julian Addo,True,True,2017,Hair,14,13,0.93,True
2,AERIN,Aerin Lauder,True,False,2012,Fragrance,19,0,0.0,False
3,Algenist,Harrison Dillon and Jonathan Wolfson,False,False,2011,"Skincare,Bath & Body, Makeup",38,0,0.0,False
4,Alpha-H,Michelle Doherty,True,False,1995,Skincare,10,0,0.0,False
5,alpyn beauty,Kendra Kolb Butler,True,False,2015,Skincare,9,9,1.0,True
6,ALTERNA Haircare,Joan Malloy,True,True,1997,Hair,45,0,0.0,False
7,amika,Vita Raykhman,True,True,2007,Hair,60,0,0.0,False
8,AMOREPACIFIC,Suh Kyung-bae,False,True,1997,"Skincare, Makeup",15,0,0.0,False
9,Anastasia Beverly Hills,Anastasia Soare,True,False,1997,"Skincare, Makeup",88,0,0.0,False
10,Aquis,Britta Cox,True,False,1990,"Hair, Tools & Brushes",5,0,0.0,False
11,Armani Beauty,Giorgio Armani,False,False,2000,"Fragrance, Makeup, Skincare, Bath & Body",69,0,0.0,False
12,Artist Couture,Angel Merino,False,True,2014,"Makeup, Bath & Body",14,0,0.0,False
13,Atelier Cologne,Sylvie Ganter and Christophe Cervasel,True,False,2009,"Fragrance, Bath & Body",15,0,0.0,False
14,Athr Beauty,Tiila Abbitt,True,False,2018,"Makeup, Bath & Body",7,0,0.0,False
15,Augustinus Bader,Charles Rosier,False,False,2018,"Skincare, Hair, Bath & Body",11,0,0.0,False
16,bareMinerals,Diane Richardson,True,False,1976,"Makeup, Skincare, Bath & Body, Tools & Brushes",25,0,0.0,False
17,The Beauty Chef,Carla Oates,True,False,2009,"Skincare, Bath & Body",8,0,0.0,False
18,BeautyBio,Jamie O'Banion,True,False,2011,"Skincare, Hair, Tools & Brushes, Bath & Body, Makeup",29,0,0.0,False
19,beautyblender,Rea Ann Silva,True,False,2003,"Makeup, Tools & Brushes",29,0,0.0,False
20,belif,LG,False,False,2012,"Skincare, Makeup",26,0,0.0,False
21,Benefit Cosmetics,Jean and Jane Ford,True,False,1976,"Makeup, Tools & Brushes",72,0,0.0,False
22,BERDOUES,Guillaume Berdoues,False,False,1902,Fragrance,3,0,0.0,False
23,Better Not Younger,Sonsoles Gonzalez,True,True,2019,"Hair, Bath & Body",15,0,0.0,False
24,Bio Ionic,Fernando Romero,False,False,1997,"Hair, Tools & Brushes",15,0,0.0,False
25,Biossance,Caroline Hadfield,True,False,2016,"Skincare, Hair, Bath & Body, Makeup",25,0,0.0,False
26,Bite Beauty,Susanne Langmuir,True,False,2012,"Makeup, Skincare",17,0,0.0,False
27,Blinc,Suma and Lewis Farsedakis,False,False,1999,Makeup,17,17,1.0,True
28,Bobbi Brown,Bobbi Brown,True,False,1991,"Makeup, Skincare,Tools & Brushes, Fragrance",47,0,0.0,False
29,BREAD BEAUTY SUPPLY,Maeva Heim,True,True,2020,"Hair, Skincare,Tools & Brushes",12,0,0.0,False
30,Briogeo,Nancy Twine,True,True,2013,"Hair, Skincare, Bath & Body,Tools & Brushes",59,0,0.0,False
31,Bumble and bumble,Michael Gordon,False,False,1977,Hair,110,0,0.0,False
32,BURBERRY,Thomas Burberry,False,False,1856,Fragrance,26,0,0.0,False
33,Buxom,Jill Scalamandre,True,False,2007,"Makeup, Skincare",9,0,0.0,False
34,By Rosie Jane,Rosie Jane Johnston,True,False,2012,"Fragrance, Bath & Body",32,0,0.0,False
35,caliray﻿NEW,Wende Zomnir,True,False,1996,Makeup,5,0,0.0,False
36,Calvin Klein,Calvin Klein,False,False,1978,Fragrance,7,0,0.0,False
37,Capri Blue,Castanea Partners,False,False,2012,"Fragrance, Hair, Makeup, Skincare, Bath & Body",24,0,0.0,False
38,Carolina Herrera,Antonio Puig,False,False,1980,Fragrance,9,0,0.0,False
39,Caudalie,Mathilde Thomas,True,False,1995,"Skincare,Bath & Body, Makeup",42,0,0.0,False
40,CHANEL,Alain and Gerard Wertheimer,False,False,1921,"Fragrance, Bath & Body",46,0,0.0,False
41,Charlotte Tilbury,Charlotte Tilbury,True,False,2013,"Makeup, Skincare, Bath & Body, Tools & Brushes",112,0,0.0,False
42,Chloé,Gaby Aghion,True,False,1988,"Fragrance, Bath & Body",21,0,0.0,False
43,Christian Louboutin,Antonio Puig,False,False,2014,Makeup,5,0,0.0,False
44,Christophe Robin,Matthew Moulding,False,False,1999,"Hair, Tools & Brushes",33,0,0.0,False
45,Ciaté London,Charlotte Knight,True,False,2009,"Makeup, Skincare,Tools & Brushes",12,0,0.0,False
46,Cinema Secrets,Maurice Stein,False,False,1985,"Makeup, Bath & Body, Tools & Brushes",8,0,0.0,False
47,Clarins,Jacques Courtin,False,False,1954,"Skincare,Bath & Body, Makeup",53,0,0.0,False
48,CLEAN RESERVE,Randi Shinder,True,False,2003,Fragrance,20,0,0.0,False
49,CLINIQUE,Evelyn Lauder,True,False,1968,"Skincare, Makeup, Bath & Body, Fragrance, Tools & Brushes",195,0,0.0,False
50,COACH, Antoine Maisondieu,True,False,2020,Fragrance,2,0,0.0,False
51,COLOR WOW,Gail Federici,False,False,2013,Hair,26,0,0.0,False
52,COOLA,Chris Birchby,False,False,2007,"Skincare,Bath & Body, Makeup",15,0,0.0,False
53,Crown Affair﻿NEW,Dianna Cohen,True,False,2019,"Hair, Tools & Brushes",10,0,0.0,False
54,dae,Amber Fillerup Clark,True,False,2013,"Hair, Tools & Brushes, Fragrance",13,0,0.0,False
55,DAMDAM,Giselle Go and Philippe Terrien,True,True,2011,"Skincare, Makeup",5,0,0.0,False
56,Dame ProductsNEW,Alexandra Fine,True,True,2014,"Skincare, Bath & Body",10,0,0.0,False
57,Danessa Myricks Beauty,Danessa Myricks ,True,True,2015,"Makeup, Skincare",13,0,0.0,False
58,Deborah Lippmann,Deborah Lippmann,True,False,1999,"Makeup, Bath & Body, Tools & Brushes",26,0,0.0,False
59,DEREK LAM 10 CROSBY,Wendy Kahn,True,False,2003,Fragrance,12,0,0.0,False
60,DERMAFLASH,Dara Levy,True,False,2015,"Skincare, Tools & Brushes",5,0,0.0,False
61,Dermalogica,Jane Wurwand and Raymond Wurwand,True,False,1986,"Skincare, Bath & Body, Makeup",49,0,0.0,False
62,DevaCurl,Lorraine Massey,True,False,1994,"Hair, Tools & Brushes",37,0,0.0,False
63,Dior,Pamela Baxter,True,False,1946,"Makeup, Skincare, Fragrance, Bath & Body, Tools & Brushes",150,0,0.0,False
64,DOLCE&GABBANA,Domenico Dolce and Stefano Gabbana,False,False,1990,"Fragrance, Bath & Body",35,0,0.0,False
65,DOMINIQUE COSMETICS,Christen Dominique,True,False,2018,Makeup,2,0,0.0,False
66,Donna Karan,Donna Karan,True,False,1984,"Fragrance, Bath & Body",6,0,0.0,False
67,dpHUE,Donna Pohlad and Justin Anderson,True,False,2010,Hair,29,0,0.0,False
68,Dr. Barbara Sturm,Marla Malcolm Beck,True,False,2018,"Skincare, Bath & Body",44,0,0.0,False
69,Dr. Brandt Skincare,Stéphane Colleu,False,False,2000,"Skincare, Bath & Body, Makeup",30,0,0.0,False
70,Dr. Dennis Gross Skincare,Dennis Gross,False,False,2000,"Skincare, Tools & Brushes, Bath & Body, Makeup",45,0,0.0,False
71,Dr. Jart+,Lee Jin-wook,False,True,2004,"Skincare, Bath & Body, Makeup",34,0,0.0,False
72,Dr. Lara Devgan Scientific Beauty,Lara Devgan,True,True,2018,"Skincare, Makeup",10,0,0.0,False
73,Dr. Zenovia Skincare,Dr. Zenovia,True,False,2020,"Skincare, Bath & Body",13,0,0.0,False
74,Drunk Elephant,Tiffany Masterson,True,False,2013,"Skincare, Hair, Bath & Body, Makeup",47,0,0.0,False
75,Drybar,Alli Webb,True,False,2010,"Hair, Tools & Brushes",68,0,0.0,False
76,DUO,Arnold and Sydell Miller ,False,False,1971,Makeup,1,0,0.0,False
77,Dyson,James Dyson,False,False,1991,"Hair, Tools & Brushes",11,0,0.0,False
78,EADEM,Alice Lin Glover and Marie Kouadio Amouzame,True,True,2018,Skincare,2,2,1.0,True
79,Edible Beauty,Anna Mitsios,True,False,2014,Skincare,3,3,1.0,True
80,Eight & Bob,Albert Fouquet,False,False,1937,Fragrance,1,0,0.0,False
81,Ellis Brooklyn,Bee Shapiro,True,True,2014,"Fragrance, Skincare, Bath & Body",32,0,0.0,False
82,Erno Laszlo,Charles Denton,False,False,1927,Skincare,3,0,0.0,False
83,Estée Lauder,Estée Lauder and Joseph Lauder,True,False,1946,"Makeup, Skincare, Bath & Body",54,0,0.0,False
84,Evian,Antoine Riboud,False,False,1829,Skincare,3,1,0.33,True
85,Fable & Mane,Akash Mehta,False,True,2020,"Hair, Tools & Brushes",10,5,0.5,True
86,FaceGym,Inge Theron,True,False,2015,"Skincare, Tools & Brushes",13,10,0.77,True
87,Farmacy,David Chung,False,True,2015,"Skincare, Bath & Body, Makeup",28,24,0.86,True
88,Fashion Fair,Eunice Johnson,True,True,1973,Makeup,6,0,0.0,False
89,Fenty Beauty by Rihanna,Robyn Rihanna Fenty,True,True,2017,"Makeup, Skincare, Bath & Body, Tools & Brushes",79,0,0.0,False
90,Fenty Skin,Robyn Rihanna Fenty,True,True,2021,"Skincare, Bath & Body, Makeup",19,15,0.79,True
91,First Aid Beauty,Lilli Gordon,True,False,2008,"Skincare, Hair, Bath & Body, Makeup",38,37,0.97,True
92,Flora + Bast,Derek Chase,False,False,2019,"Skincare, Bath & Body",4,4,1.0,True
93,Floral Street,Michelle Feeney,True,False,2017,"Fragrance, Bath & Body",27,19,0.7,True
94,FOREO,Filip Sedic ,False,False,2013,"Skincare, Tools & Brushes",18,0,0.0,False
95,FORVR Mood,Jackie Aina,True,True,2018,"Fragrance, Bath & Body",8,0,0.0,False
96,Freck Beauty,Remi Brixton,True,False,2017,"Makeup, Skincare",7,4,0.57,True
97,fresh,Lev Glazman and Alina Roytberg,True,False,1991,"Skincare, Makeup, Bath & Body, Fragrance",107,78,0.73,True
98,ghd,"Robert Powls, Martin Penny, and Gary Douglas",False,False,2001,"Hair, Tools & Brushes",18,0,0.0,False
99,Gisou,Negin Mirsalehi,True,False,2015,Hair,15,0,0.0,False
100,Givenchy,Hubert de Givenchy,False,False,1987,"Makeup, Skincare, Fragrance",40,1,0.03,True
101,GLAMGLOW,Shannon Dellimore and Glenn Dellimore,True,False,2010,"Skincare, Makeup",23,0,0.0,False
102,Glamnetic,Ann McFerran,True,True,2019,Makeup,2,0,0.0,False
103,GLO Science,Jonathan B. Levine,False,False,2009,"Skincare, Tools & Brushes",7,0,0.0,False
104,Glow Recipe,Christine Chang and Sarah Lee,True,True,2014,"Skincare, Bath & Body, Makeup",22,22,1.0,True
105,Good Dye Young,Hayley Williams,True,False,2016,Hair,2,0,0.0,False
106,Google,Sergey Brin and Larry Page,False,False,1998,Tools & Brushes,1,0,0.0,False
107,goop,Gwyneth Paltrow,True,False,2008,"Skincare, Bath & Body, Hair",27,16,0.59,True
108,Grace Eleyae,Grace Eleyae,True,True,2015,"Hair, Tools & Brushes",7,0,0.0,False
109,Grande Cosmetics,Alicia Grande,True,False,2008,"Makeup, Skincare,Tools & Brushes, Hair",17,0,0.0,False
110,Gucci,Guccio Gucci,False,False,1921,"Makeup, Skincare, Fragrance, Tools & Brushes",57,0,0.0,False
111,GUERLAIN,Pierre François Pascal Guerlain,False,False,1828,"Makeup, Skincare, Fragrance, Bath & Body, Tools & Brushes",48,14,0.29,True
112,Herbivore,Julia Wills and Alex Kummerow,True,False,2011,"Skincare, Bath & Body, Tools & Brushes",31,28,0.9,True
113,HERETIC,Douglas Little,False,False,2010,"Fragrance, Skincare, Bath & Body",18,14,0.78,True
114,HERMÈS,Jean-Claude Ellena,False,False,2006,"Fragrance, Bath & Body",30,0,0.0,False
115,Hourglass,Carisa Janes,True,False,2004,"Makeup, Skincare, Bath & Body, Tools & Brushes",87,0,0.0,False
116,HUDA BEAUTY,Huda Kattan,True,True,2013,"Makeup, Skincare, Bath & Body, Tools & Brushes",70,0,0.0,False
117,HUM Nutrition,Walter Faulstroh,False,False,2012,"Skincare, Bath & Body, Makeup, Hair",26,0,0.0,False
118,Hyper Skin,Desiree Verdejo,True,True,2019,Skincare,2,2,1.0,True
119,Iconic London,Jade Elliott,True,True,2015,"Makeup, Skincare",11,0,0.0,False
120,IGK,"Franck Izquierdo, Chase Kusero, Aaron Grenia and Leo Izquierdo",False,False,2016,Hair,40,0,0.0,False
121,ILIA,Sasha Plavsic,True,False,2011,"Makeup, Skincare",34,33,0.97,True
122,INC.redible,Thea Green,True,False,2017,"Makeup, Skincare, Bath & Body",23,0,0.0,False
123,Indie Lee,Suee Wagners,True,False,2013,Skincare,5,5,1.0,True
124,The INKEY List,Colette Laxton and Mark Curry,True,False,2018,Skincare,43,21,0.49,True
125,iNNBEAUTY PROJECT,Alisa Metzger,True,False,2019,"Skincare, Makeup",10,8,0.8,True
126,innisfree,Suh Kyungbae,False,True,2000,"Skincare, Bath & Body",31,0,0.0,False
127,Isle of Paradise,Jules Von Hep,False,False,2019,"Skincare, Bath & Body",19,16,0.84,True
128,IT Cosmetics,Jamie Kern Lima and Paulo Lima,True,False,2008,"Makeup, Skincare, Bath & Body, Tools & Brushes",55,0,0.0,False
129,ITEM Beauty By Addison Rae,Madeby Collective and Addison Rae,True,False,2020,"Makeup, Skincare",15,15,1.0,True
130,Jack Black,"Curran Dandurand, Emily Dalton and Jeff Dandurand",True,False,2000,"Skincare, Makeup, Bath & Body, Fragrance, Hair",50,0,0.0,False
131,Jillian Dempsey﻿NEW,Jillian Dempsey,True,False,2014,"Tools & Brushes, Skincare",1,0,0.0,False
132,JIMMY CHOO,Jimmy Choo and Tamara Mellon,True,False,1996,Fragrance,3,0,0.0,False
133,JLo Beauty,Jennifer Lopez,True,True,2021,"Skincare, Bath & Body, Makeup",10,0,0.0,False
134,Jo Malone London,Jo Malone,True,False,1990,"Fragrance, Makeup, Skincare, Bath & Body",89,0,0.0,False
135,John Varvatos,John Varvatos,False,False,1999,Fragrance,2,0,0.0,False
136,Josie Maran,Josie Maran,True,False,2007,"Skincare, Bath & Body, Makeup, Hair",29,29,1.0,True
137,Jouer Cosmetics,Christina Zilber,True,False,2008,"Skincare, Makeup",26,0,0.0,False
138,Juicy Couture,Gela Nash and Pamela Skaist,True,False,1997,Fragrance,10,0,0.0,False
139,Juliette Has a Gun,Romano Ricci,False,False,2005,"Fragrance, Bath & Body",28,0,0.0,False
140,JVN,Jonathan McDonald Van Ness,False,False,2021,Hair,12,12,1.0,True
141,K18 Biomimetic Hairscience﻿NEW,Britta Cox and Suveen Sahib,True,False,2018,Hair,2,2,1.0,True
142,Kaja,Hyungseok Dino Ha,False,True,2018,"Makeup, Skincare,Tools & Brushes",21,0,0.0,False
143,Kate Somerville,Kate Somerville,True,False,2004,"Skincare, Bath & Body",42,0,0.0,False
144,KAYALI﻿NEW,Mona Monica Kattan,True,True,2018,Fragrance,23,0,0.0,False
145,Kérastase,François Dalle ,False,False,1964,Hair,106,1,0.01,True
146,Kiehl's Since 1851,John Kiehl,False,False,1851,"Skincare, Bath & Body, Makeup, Hair",84,1,0.01,True
147,KILIAN Paris,Kilian Hennessy,False,False,2007,Fragrance,27,0,0.0,False
148,Kitsch﻿NEW,Cassandra Thurswell,True,False,2010,"Hair, Tools & Brushes",7,0,0.0,False
149,KNC Beauty,Kristen Noel Crawley,True,True,2016,"Skincare, Makeup",2,2,1.0,True
150,Koh Gen Do,Ai Saotome,True,True,1986,"Skincare, Makeup",5,0,0.0,False
151,Kopari,Kiana Cabell and Gigi Goldman,True,False,2015,"Skincare, Bath & Body, Makeup",15,15,1.0,True
152,KORA Organics,Miranda Kerr,True,False,2009,"Skincare, Tools & Brushes, Bath & Body",14,12,0.86,True
153,KORRES,Lena Korres and Georgios Korres,True,False,1996,Skincare,15,14,0.93,True
154,Kosas,Sheena Yaitanes,True,True,2015,"Skincare, Makeup, Bath & Body",20,20,1.0,True
155,KVD Beauty,Kat Von D,True,False,2008,"Makeup, Skincare, Fragrance, Tools & Brushes",52,0,0.0,False
156,L'Occitane,Olivier Baussan,False,False,1976,"Skincare, Bath & Body, Makeup",30,0,0.0,False
157,L'Oreal Professionnel,Eugène Schueller,False,False,1909,"Hair, Tools & Brushes",2,0,0.0,False
158,La Mer,Max Huber,False,False,1994,"Skincare, Makeup, Bath & Body",50,0,0.0,False
159,Lancôme,Armand Petitjean,False,False,1935,"Makeup, Skincare, Fragrance, Bath & Body",96,0,0.0,False
160,LANEIGE,Suh Sung-whan,False,True,1945,"Skincare, Makeup",27,0,0.0,False
161,LASHFOOD,Faith Kim,True,True,2007,"Skincare, Makeup",3,3,1.0,True
162,Laura Mercier,Laura Mercier,True,False,1996,"Makeup, Skincare, Bath & Body, Tools & Brushes",59,0,0.0,False
163,LAWLESS,Annie Lawless,True,False,2017,"Skincare, Makeup",19,19,1.0,True
164,LightStim,Joni Marchese,True,False,2002,"Skincare, Tools & Brushes",3,0,0.0,False
165,lilah b.,Cheryl Yannotti Foland,True,False,2015,"Makeup, Skincare, Bath & Body",18,17,0.94,True
166,Lilly Lashes,Lilly Ghalich,True,True,2013,"Makeup, Tools & Brushes",11,0,0.0,False
167,Living Proof,Jon Flint and Robert Langer,False,False,2005,Hair,70,0,0.0,False
168,Lord Jones,Robert Rosenheck,False,False,2017,"Skincare, Bath & Body, Makeup, Hair",10,10,1.0,True
169,LXMI,Leila Janah,True,True,2015,Skincare,2,0,0.0,False
170,LYS Beauty,Tisha Thompson,True,True,2019,"Skincare, Makeup",9,9,1.0,True
171,Maison Louis Marie,Marie du Petit Thouars and Matthew Berkson,True,False,1792,"Fragrance, Bath & Body",37,18,0.49,True
172,Maison Margiela,Martin Margiela,False,False,1988,"Fragrance, Bath & Body",35,0,0.0,False
173,MAKE UP FOR EVER,Dany Sanz,True,False,1984,"Makeup, Skincare,Tools & Brushes",85,0,0.0,False
174,MAKEUP BY MARIO,Mario Dedivanovic,False,False,2017,"Makeup, Skincare,Tools & Brushes",34,0,0.0,False
175,Marc Jacobs Beauty,Marc Jacobs,False,False,1984,"Makeup, Skincare, Bath & Body, Tools & Brushes",26,0,0.0,False
176,Marc Jacobs Fragrances,Marc Jacobs and Robert Duffy,False,False,1985,Fragrance,28,0,0.0,False
177,Mario Badescu,Mario Badescu,False,False,1967,"Skincare, Makeup, Bath & Body",43,0,0.0,False
178,maude,Éva Goicochea,True,False,2018,Bath & Body,10,8,0.8,True
179,Melanin Haircare,Whitney White and Taffeta White,True,True,2015,"Hair, Bath & Body",4,0,0.0,False
180,Melt Cosmetics,Lora Arellano and Dana Bomar,True,False,2012,Makeup,27,0,0.0,False
181,MERIT,Katherine Power,True,False,2021,"Makeup, Skincare,Tools & Brushes",9,8,0.89,True
182,Milk Makeup,"Zanna Roberts Rassi, Mazdack Rassi, Georgie Greville, and Dianna Ruth",True,False,2014,"Makeup, Skincare, Bath & Body",59,52,0.88,True
183,Mizani,Zaino Mizani,False,False,1991,"Hair, Bath & Body",26,0,0.0,False
184,Montblanc,August Eberstein,False,False,1908,"Fragrance, Bath & Body",7,0,0.0,False
185,Moon Juice,Amanda Chantal Bacon,True,False,2011,"Skincare, Bath & Body, Hair",21,9,0.43,True
186,Moroccanoil,Carmen Tal,True,False,2007,"Skincare, Hair, Tools & Brushes, Bath & Body, Makeup, Fragrance",91,0,0.0,False
187,Mount Lai,Stephanie Zheng,True,True,2017,"Skincare, Tools & Brushes",10,0,0.0,False
188,Mugler,Thierry Mugler,False,False,1973,Fragrance,9,0,0.0,False
189,Murad,Howard Murad,False,True,1989,"Skincare, Bath & Body, Makeup",49,0,0.0,False
190,NAILS INC.,Thea Green and MT Carney,True,False,1999,"Makeup, Tools & Brushes",18,0,0.0,False
191,Narciso Rodriguez,"Narciso Rodriguez, Christine Nagel, and Francis Kurkdjian ",True,False,2003,Fragrance,5,0,0.0,False
192,NARS,François Nars,False,False,1994,"Makeup, Skincare, Bath & Body, Tools & Brushes",63,0,0.0,False
193,Natasha Denona,Natasha Denona,True,False,2000,"Makeup, Bath & Body",57,0,0.0,False
194,Naturally Serious,June Jacobs,True,False,2018,Skincare,10,10,1.0,True
195,Nécessaire,Randi Christiansen,True,False,2017,"Skincare, Bath & Body",8,8,1.0,True
196,NEST New York,Laura Slatkin,True,False,2005,"Fragrance, Bath & Body",83,0,0.0,False
197,NUDESTIX,Jenny Frankel and Taylor Frankel,True,False,2013,"Makeup, Skincare, Bath & Body, Tools & Brushes",31,0,0.0,False
198,The Nue Co.,Jules Miller,True,False,2017,"Skincare, Bath & Body, Hair, Fragrance",9,9,1.0,True
199,NuFACE,Tera Peterson,True,False,2005,"Skincare, Tools & Brushes, Bath & Body, Makeup",14,0,0.0,False
200,Nurse Jamie,Jamie Sue Sherrill,True,False,2008,"Skincare, Tools & Brushes",4,0,0.0,False
201,Olaplex,Dr. Eric Pressly and Dr. Craig Hawker,False,False,2014,Hair,11,11,1.0,True
202,OLEHENRIKSEN,Ole Henriksen,False,False,1975,"Skincare, Makeup",32,22,0.69,True
203,Omorovicza,Margaret De Heinrich De Omorovicza,True,False,2006,Makeup,1,1,1.0,True
204,ONE/SIZE by Patrick Starrr,Patrick Starrr,False,True,2020,"Makeup, Skincare",23,0,0.0,False
205,The Ordinary,Jo Ingram,True,False,2012,"Skincare, Makeup, Hair",42,0,0.0,False
206,Oribe,Oribe Canales,False,False,2008,"Hair, Skincare, Bath & Body",77,0,0.0,False
207,The Original MakeUp Eraser,Elexsis McCarthy,True,False,2013,"Makeup, Skincare,Tools & Brushes",7,0,0.0,False
208,Origins,Leonard Lauder,False,False,1990,"Skincare, Bath & Body, Makeup",43,38,0.88,True
209,OTHERLAND,Abigail Cook Stone,True,False,2017,"Fragrance, Bath & Body",22,0,0.0,False
210,OTZI,Helmut and Erika Simon,True,False,1991,Skincare,5,5,1.0,True
211,OUAI,Jen Atkin,True,False,2016,"Hair, Skincare, Bath & Body, Fragrance",49,0,0.0,False
212,Overose,Matthieu Belhandouz,False,False,2016,"Fragrance, Bath & Body",12,0,0.0,False
213,Paco Rabanne,Paco Rabanne,False,False,1966,"Fragrance, Bath & Body",8,0,0.0,False
214,PAT McGRATH LABS,Pat McGrath,True,True,2006,"Makeup, Skincare,Tools & Brushes",41,0,0.0,False
215,PATRICK TA,Rima Minasyan and Patick Ta,True,False,2019,"Makeup, Skincare, Bath & Body, Tools & Brushes",27,0,0.0,False
216,PATTERN by Tracee Ellis Ross,Tracee Ellis Ross,True,True,2019,"Hair, Tools & Brushes",40,0,0.0,False
217,Paula's Choice,Paula Begoun,True,False,1995,"Skincare, Bath & Body, Makeup",31,0,0.0,False
218,Peace Out,Enrico Frezza,False,False,2017,Skincare,13,0,0.0,False
219,Peter Thomas Roth,Peter Thomas Roth,False,False,1993,"Skincare, Bath & Body, Makeup",58,0,0.0,False
220,philosophy,Cristina Carlino,True,False,1996,"Skincare, Bath & Body, Hair, Fragrance",28,0,0.0,False
221,The Phluid Project,Rob Smith,False,False,2018,Fragrance,8,0,0.0,False
222,PHLUR,Eric Korman,False,False,2014,Fragrance,2,2,1.0,True
223,Playa,Shelby Wild,True,False,2016,Hair,14,11,0.79,True
224,PMD,Philippe d'Offay,False,False,1998,"Skincare, Tools & Brushes",9,0,0.0,False
225,Prada,Mario Prada,False,False,1913,Fragrance,15,0,0.0,False
226,Prima,Christopher Gavigan,False,False,2019,"Skincare, Bath & Body",7,7,1.0,True
227,Pureology,Jim Markham,False,False,2001,Hair,41,0,0.0,False
228,Qhemet Biologics,Felis Butler,True,True,2004,Hair,10,10,1.0,True
229,Rahua,Fabian Lliguin and Anna Ayers,True,False,2008,Hair,2,2,1.0,True
230,Ralph Lauren,Ralph Lauren,False,False,1967,"Fragrance, Bath & Body",28,0,0.0,False
231,RANAVAT,Michelle Ranavat,True,True,2017,"Hair, Skincare",8,8,1.0,True
232,Rare Beauty by Selena Gomez,Selena Gomez,True,True,2020,"Makeup, Skincare,Tools & Brushes",35,0,0.0,False
233,REFY,Jenna Meek and Jess Hunt,True,False,2018,"Makeup, Tools & Brushes",8,0,0.0,False
234,REN Clean Skincare,Robert Calcraft and Antony Buck,False,False,2000,"Skincare, Bath & Body, Makeup",38,30,0.79,True
235,Reverie,Arvind Pani and Derek Hsue,True,True,2009,Hair,8,8,1.0,True
236,rms beauty,Rose-Marie Swift,True,False,2009,"Makeup, Skincare",20,18,0.9,True
237,ROSE INC,Rosie Huntington-Whiteley,True,False,2018,"Makeup, Skincare,Tools & Brushes",14,14,1.0,True
238,ROSE Ingleton MD,Dr. Rose Ingleton,True,True,2019,Skincare,5,5,1.0,True
239,Rosebud Perfume Co.,George F. Smith ,False,False,1895,"Skincare, Makeup",8,8,1.0,True
240,Rossano Ferretti Parma,Rossano Ferretti,True,False,1990,Hair,21,21,1.0,True
241,Saie,Laney Crowell,True,False,2019,"Makeup, Skincare,Tools & Brushes",14,14,1.0,True
242,Saint Jane,Casey Georgeson,True,False,2019,"Skincare, Bath & Body",5,5,1.0,True
243,Sakara Life,Danielle Duboise and Whitney Tingle,True,False,2012,"Skincare, Bath & Body",4,0,0.0,False
244,Selfless by Hyram,Mark Curry,False,False,2021,Skincare,5,5,1.0,True
245,SEPHORA COLLECTION,Dominique Mandonnaud,False,False,1970,"Skincare, Hair, Tools & Brushes, Bath & Body, Makeup, Fragrance",367,50,0.14,True
246,Shani Darden Skin Care,Jessica Alba,True,False,2013,"Skincare, Tools & Brushes",12,0,0.0,False
247,Shiseido,Arinobu Fukuhara,False,True,1872,"Makeup, Skincare, Bath & Body, Tools & Brushes",92,0,0.0,False
248,shu uemura,Shu Uemura,False,True,1967,"Skincare, Hair",46,0,0.0,False
249,SK-II,Calvin Ng,False,True,1980,Skincare,16,0,0.0,False
250,Skin Laundry,Yen Reis,True,True,2013,Skincare,3,0,0.0,False
251,Skinfix,Amy Gordinier,True,False,2012,"Skincare, Bath & Body, Makeup",25,25,1.0,True
252,Skylar﻿NEW,Cat Chen,True,True,2017,"Fragrance, Bath & Body",22,19,0.86,True
253,Slip,Fiona Stewart,True,False,2004,"Skincare, Hair, Tools & Brushes, Fragrance",16,0,0.0,False
254,Smashbox,Davis Factor and Dean Factor,False,False,1996,"Makeup, Skincare",42,0,0.0,False
255,SOBEL SKIN Rx,Howard Sobel,False,False,1991,Skincare,7,6,0.86,True
256,Sol de Janeiro,Heela Yang,True,True,2015,"Skincare, Bath & Body, Hair, Fragrance, Makeup",36,1,0.03,True
257,St. Tropez,Judy Naake,True,False,2007,"Skincare, Bath & Body",22,0,0.0,False
258,stackedskincare,Kerry Benjamin,True,False,2014,"Skincare, Tools & Brushes",7,3,0.43,True
259,stila,Jeanine Lobell,True,False,1994,Makeup,9,0,0.0,False
260,StriVectin,Joan Sing Malloy,True,True,2002,"Skincare, Bath & Body, Makeup",20,0,0.0,False
261,Sulwhasoo,Sung-hwan Suh,False,True,1966,Skincare,21,0,0.0,False
262,Summer Fridays,Marianna Hewitt and Lauren Gore,True,False,2017,"Skincare, Bath & Body, Fragrance, Makeup",14,12,0.86,True
263,SUNDAY II SUNDAY,Keenan Beasley,False,True,2020,"Skincare, Bath & Body, Hair",8,0,0.0,False
264,Sunday Riley,Sunday Riley,True,False,2009,"Skincare, Bath & Body, Hair",23,0,0.0,False
265,Supergoop!,Holly Thaggard,True,False,2007,"Skincare, Bath & Body, Makeup, Hair",34,34,1.0,True
266,Susteau,Kailey Bradt,True,False,2017,Hair,4,4,1.0,True
267,T3,Gay Warren Gaddis,True,False,1989,"Hair, Tools & Brushes",32,0,0.0,False
268,TAN-LUXE,"Brendan Heggarty, Marc Elrick, and Joanna Livingstone",True,False,2015,"Skincare, Bath & Body",14,0,0.0,False
269,tarte,Maureen Kelly,True,False,2000,"Makeup, Skincare, Bath & Body, Tools & Brushes",151,47,0.31,True
270,Tata Harper,Tata and Henry Harper,True,False,2010,"Skincare, Bath & Body",35,34,0.97,True
271,Tatcha,Vicky Tsai,True,True,2008,"Skincare, Bath & Body, Makeup, Hair",39,38,0.97,True
272,TOCCA,Tommaso Trionfi,False,False,1994,"Fragrance, Bath & Body",33,0,0.0,False
273,Together Beauty,Sam Brocato,False,False,2008,Hair,2,2,1.0,True
274,TOM FORD,Tom Ford,False,False,2005,"Makeup, Skincare, Fragrance, Tools & Brushes, Bath & Body",108,0,0.0,False
275,Too Faced,Jerrod Blandino and Jeremy Johnson,False,False,1998,"Makeup, Skincare,Tools & Brushes",63,0,0.0,False
276,Topicals,Olamide Olowe,True,True,2020,"Skincare, Bath & Body",6,4,0.67,True
277,Tory Burch,Tory Burch,True,False,2004,Fragrance,3,0,0.0,False
278,Touchland﻿NEW,Andrea Lisbona,True,False,2010,Bath & Body,2,2,1.0,True
279,Tower 28 Beauty,Amy Liu,True,True,2019,"Makeup, Skincare",8,8,1.0,True
280,Tweezerman,Dal LaMagna,False,False,1980,"Skincare, Tools & Brushes, Bath & Body, Makeup",20,0,0.0,False
281,Urban Decay,"Wende Zomnir, Sandy Lerner, Patricia L. Holmes, and David Soward",True,False,1996,"Makeup, Skincare,Tools & Brushes",60,0,0.0,False
282,Valentino,Valentino Garavani,False,False,1960,"Fragrance, Makeup",26,0,0.0,False
283,Vegamour,Daniel Hodgdon,False,False,2016,"Skincare, Bath & Body, Hair, Makeup",11,11,1.0,True
284,Velour Lashes,Mabel Lee,True,True,2011,Makeup,14,0,0.0,False
285,Verb,Claire Moses,True,False,2009,"Hair, Bath & Body, Tools & Brushes",44,0,0.0,False
286,Versace,Gianni Versace,False,False,1978,"Fragrance, Bath & Body",32,0,0.0,False
287,Viktor&Rolf,Viktor Horsting and Rolf Snoeren,False,False,1993,"Fragrance, Bath & Body",22,0,0.0,False
288,Violet Voss,Paula Hayes,True,False,2018,Makeup,17,0,0.0,False
289,Virtue,Melisse Shaban,True,False,2013,Hair,50,0,0.0,False
290,Viseart,Gilles Lapalu,False,False,2017,Makeup,7,0,0.0,False
291,Vital Proteins,Kurt Seidensticker,False,False,2013,"Skincare, Bath & Body",4,0,0.0,False
292,Vitruvi,Sean and Sara Panton,True,False,2014,"Skincare, Bath & Body, Fragrance",12,10,0.83,True
293,Volition Beauty,Brandy Hoffman and Patricia Santos,True,True,2016,"Skincare, Bath & Body",12,12,1.0,True
294,Voluspa,Troy Arntsen and Traci Arntsen,True,False,1999,"Fragrance, Bath & Body",74,0,0.0,False
295,Wander Beauty,Divya Gugnani and Lindsay Ellingson,True,False,2015,"Makeup, Skincare",12,9,0.75,True
296,Westman Atelier,Gucci Westman,True,False,2018,"Makeup, Tools & Brushes",21,21,1.0,True
297,Wishful,Huda Kattan,True,True,2020,"Skincare, Makeup",12,12,1.0,True
298,World of Chris Collins﻿NEW,Chris Collins,False,True,2018,Fragrance,11,0,0.0,False
299,Youth To The People,Greg Gonzalez and Joe Cloyes,False,False,2015,"Skincare, Makeup",24,21,0.88,True
300,Yves Saint Laurent,Yves Saint Laurent and Pierre Bergé,False,False,1961,"Makeup, Skincare, Fragrance, Bath & Body",69,0,0.0,False
301,19-69﻿NEW,Johan Bergelin,False,False,2017,Fragrance,14,0,0.0,False
302,54 Thrones,Christina Funke Tegbe,True,True,2016,Bath & Body,3,3,1.0,True
303,The 7 Virtues,Barb Stegemann,True,False,2010,"Fragrance, Bath & Body",22,21,0.95,True
304,8Greens,Dawn Russell,True,False,2014,"Skincare, Bath & Body",2,0,0.0,False
