Brands,Owner,Female,POC,Year Founded,Product Type,Number of Products
"
										Ace Beauté
								",Niye Aniekan-Attang,TRUE,TRUE,2015,,11
"
										ACURE
								",Jon and Kristy Guerra,TRUE,FALSE,2010,"Skin Care ,Hair ,Bath & Body",46
"
										AG Hair
								",John and Lotte Davis,TRUE,FALSE,1989,"Hair ,Bath & Body",48
"Ahava	",Ziva Gilad,TRUE,FALSE,1988,"Bath & Body ,Men ,Gifts ,Skin Care",55
"
										Alleyoop
								",Leila Kashani Manshoory,TRUE,FALSE,2015,"Skin Care ,Bath & Body",4
AllSaints,Kait Bolongaro and Stuart Trevor,TRUE,FALSE,1994,,3
"
										Almay
								",Alfred Woititz,FALSE,FALSE,1931,"Makeup ,Skin Care ",13
"
										Alpha Skin Care
								",Michelle Doherty,TRUE,FALSE,1995,"Skin Care ,Bath & Body",8
"
										Alterna
								",Daniel Buchbinder,FALSE,FALSE,1997,"Hair ,Gifts",66
"
										American Crew
								",David Raccuglia,FALSE,FALSE,1994,"Men ,Hair ,Bath & Body ,Skin Care ,Gifts",37
"
										Anastasia Beverly Hills
								",Anastasia Soare,TRUE,FALSE,1997,"Makeup ,Gifts ,Tools & Brushes ,Skin Care",66
"
										Andalou Naturals
								",Stacey Kelly Egide and Mark Egide,TRUE,FALSE,2010,"Skin Care ,Gifts ,Bath & Body",33
"
										Aquage
								",Dennis Lubin and Luis Alvarez,FALSE,FALSE,1998,"Styling Products ,Shampoo & Conditioner ,Travel Size ,Treatment",37
"
										Aquaphor
								",Herman A. Metz,FALSE,FALSE,1925,"Skin Care ,Bath & Body ,Men",4
"
										Aquis
								",Britta Cox,TRUE,FALSE,1990,,5
"
										ARCONA
								",Chanel Jenae,TRUE,FALSE,1989,"Skin Care ,Gifts",17
"
										Arctic Fox
								",Kristen Leanne and Ryan Morgan,TRUE,FALSE,2014,"Hair ,Skin Care ,Fragrance ,Bath & Body",10
"
										Ardell
								",Arnold and Sydell Miller,TRUE,FALSE,1971,"Makeup ,Tools & Brushes, Nails",115
"
										Ariana Grande
								",Ariana Grande,TRUE,FALSE,2015,"Fragrance ,Gifts",15
"
										ARMANI
								",Giorgio Armani and Sergio Galeotti,FALSE,FALSE,1975,"Fragrance ,Men ,Gifts ",32
"
										ArtNaturals LUXE
								",Joseph Nourollah,FALSE,FALSE,2014,"Skin Care ,Bath & Body",21
"
										Au Naturale
								",Ashley Prange,TRUE,FALSE,2011,"Makeup ,Gifts",11
"
										Australian Glow
								",Liz Agresta,TRUE,FALSE,2019,,7
"
										Australian Gold
								",Trevor Gray,FALSE,FALSE,1985,"Skin Care ,Bath & Body",3
"
										Aveeno
								",Albert Musher and Sidney Musher,TRUE,FALSE,1945,"Skin Care ,Bath & Body ,Men ,Makeup",24
"
										Avène
								",Pierre Fabre,FALSE,FALSE,1962,"Skin Care ,Bath & Body ,Makeup ,Gifts",40
"
										Awake Beauty
								",Maureen Kelly,TRUE,FALSE,2018,"Moisturizers ,Treatment & Serums ,Travel Size ,Cleansers ,Eye Treatments",9
"
										AXIOLOGY
								",Ericka Rodriguez,TRUE,TRUE,2013,"Makeup ,Gifts",8
"
										Azzaro
								",Loris Azzaro,FALSE,FALSE,1967,"Fragrance ,Men",9
"
										B.Bungalow by Beachwaver Co.
								",Sarah Potempa,TRUE,FALSE,2010,,2
"
										b.tan
								",Melissa Keclik,TRUE,FALSE,1986,"Skin Care ,Bath & Body",12
"
										Babo Botanicals
								",Kate Solomon,TRUE,FALSE,2008,"Bath & Body ,Hair ,Skin Care ,Makeup",24
"
										Baby Foot
								",James Morris,FALSE,FALSE,1997,"Gifts ,Men",3
"
										BaBylissPRO
								",René Lelièvre,FALSE,FALSE,1961,"Hair ,Tools & Brushes ,Gifts",32
"
										BAD HABIT
								",Emma Chamberlain,TRUE,FALSE,2020,"Skin Care ,Gifts",18
"
										Bali Body
								",Dave and Laura Oosterloo,TRUE,FALSE,2014,,8
"
										Banila Co
								",F&F,FALSE,TRUE,2005,"Skin Care ,Makeup ,Gifts ,Men",26
"
										Barefoot Scientist
								",Dana Ward,TRUE,FALSE,2019,"Bath & Body ,Nails ,Gifts",10
"
										bareMinerals
								",Diane Richardson,TRUE,FALSE,1976,"Makeup, Skin Care, Gifts, Tools & Brushes",91
"
										basd
								",Ashley Meston,TRUE,FALSE,2017,"Bath & Body ,Men ,Gifts",8
"
										Batiste
								",John Dwight,FALSE,FALSE,1975,"Hair ,Gifts",28
"
										BAUBLEBAR
								",Amy Jain and Daniella Yacobovsky,TRUE,TRUE,2010,"Tools & Brushes ,Hair",29
"
										Baxter of California
								",Baxter Finley,FALSE,FALSE,1965,"Men ,Hair ,Skin Care ,Bath & Body ,Fragrance",10
"
										Beachwaver Co.
								","Sarah Potempa, Erin Potempa-Wall, and Emily Potempa",TRUE,FALSE,2010,"Hair ,Tools & Brushes ,Gifts",11
"
										Beast
								",John Cascarano,FALSE,FALSE,2013,"Men ,Bath & Body ,Skin Care ,Hair ,Gifts ,Fragrance",20
"
										Beauty Bakerie
								",Cashmere Nicole,TRUE,TRUE,2011,"Makeup ,Gifts ,Tools & Brushes ,Skin Care",30
"
										Beauty Finds by ULTA Beauty
								",Jamie O'Banion,TRUE,FALSE,2011,"Gifts ,Hair ,Fragrance",2
"
										BeautyBio
								",Rea Ann Silva,TRUE,FALSE,2003,"Skin Care ,Tools & Brushes ,Hair ,Gifts ,Bath & Body",27
"
										beautyblender
								",Nonie Crème,TRUE,FALSE,2016,"Makeup ,Tools & Brushes ,Gifts",19
"
										BeautyGARDE
								",Ron Robinson,FALSE,TRUE,2019,"Eyelashes ,Lash Primer & Serums ,Eye Makeup Remover",6
"
										BeautyStat Cosmetics
								",Anthony Mascolo,FALSE,FALSE,1996,"Skin Care ,Gifts",7
"
										Bed Head
								",Josh Kilmer-Purcell and Brent Ridge,FALSE,FALSE,2008,"Hair ,Tools & Brushes ,Gifts",65
"
										Beekman 1802
								",LG,FALSE,FALSE,2012,"Skin Care ,Bath & Body ,Makeup ,Tools & Brushes ,Nails ,Hair ,Gifts",35
"
										belif
								",Elliott Evalle,FALSE,FALSE,2021,"Skin Care ,Gifts ,Bath & Body",14
"
										Belli
								",Remo Belli,FALSE,FALSE,2020,"Skin Care ,Bath & Body ,Gifts",8
"
										Benefit Cosmetics
								",Jean and Jane Ford,TRUE,FALSE,1976,"
Makeup, Gifts, Skin Care, Tools & Brushes",68
"
										Better Not Younger
								",Sonsoles Gonzalez,TRUE,FALSE,2019,"Hair ,Skin Care ,Makeup ,Gifts ,Bath & Body ,Tools & Brushes",20
"
										BH Cosmetics
								",Kirill Trachtenberg,FALSE,FALSE,2009,"Makeup ,Gifts ,Tools & Brushes ,Skin Care",43
"
										Bic
								",Marcel Bich,FALSE,FALSE,1945,"Bath & Body ,Men ,Tools & Brushes ,Makeup",9
"
										Bikini Zone
								",Melissa Gorga,TRUE,FALSE,1996,,3
"
										Billie Eilish
								","
										Billie Eilish
								",TRUE,FALSE,2022,"Fragrance ,Gifts",4
"
										Billy Jealousy
								",Pat Parsi,FALSE,FALSE,2004,"Men ,Gifts ,Hair ,Bath & Body ,Skin Care ,Fragrance",32
"
										Bio Ionic
								",Fernando Romero,FALSE,FALSE,1997,"Tools & Brushes ,Hair ,Gifts",8
"
										Bio-Oil
								",Dieter Beier,FALSE,FALSE,1987,"Bath & Body ,Skin Care",3
"
										Biobelle
								",Forty Amsel,TRUE,FALSE,2015,,3
"
										bioClarity
								",David Hale and Cam Garner,TRUE,FALSE,2016,"Skin Care ,Makeup ,Gifts ,Bath & Body",10
"
										Biolage
								",Arnie Miller,FALSE,FALSE,1980,"Hair ,Gifts",59
"
										Bioré
								",Tomiro Nagase,FALSE,TRUE,1997,"Treatment & Serums ,Cleansers",7
"
										Biosilk
								",Farouk Shami,FALSE,TRUE,1986,"Treatment ,Styling Products ,Shampoo & Conditioner ,Travel Size",12
"
										Black Girl Sunscreen
								",Shontay Lundy,TRUE,TRUE,2016,,2
"
										Blind Barber
								",Jeff Laub,FALSE,FALSE,2010,"Men ,Hair",17
"
										BLINKING BEAUTÉ
								",Megan Naik,TRUE,FALSE,2000,,7
"
										Bliss
								",Marcia Kilgore,TRUE,FALSE,1996,"Skin Care ,Bath & Body ,Makeup ,Gifts",31
"
										BLK/OPL
								",Desiree Rogers and Cheryl Mayberry McKissack,TRUE,TRUE,1994,"Makeup ,Skin Care ,Gifts ,Bath & Body",18
"
										BLONDME
								",Tiffany Ward,TRUE,FALSE,2021,"
Shampoo & Conditioner, Treatment, Styling Products",19
"
										BLUME
								",Taran Ghatrora and Bunnt Ghatrora,TRUE,FALSE,2016,"Skin Care ,Bath & Body",11
"
										BOBBI BROWN
								",Bobbi Brown,TRUE,FALSE,1991,"Makeup ,Skin Care ,Gifts ,Tools & Brushes",33
"
										Bondi Boost
								",Phoebe Simmonds,TRUE,FALSE,2018,"Hair ,Skin Care ,Gifts ,Bath & Body",19
"
										Bondi Sands
								",Shaun Wilson and Blair James,FALSE,FALSE,2012,"Skin Care ,Bath & Body",19
"
										boscia
								",Gen Inomata and Lan Belinky,TRUE,FALSE,2002,"Skin Care, Tools & Brushes, Makeup, Bath & Body, Men",35
"
										BosleyMD
								",L. Lee Bosley,TRUE,FALSE,1974,"Hair ,Skin Care ,Bath & Body ,Men",22
"
										Braun
								",Max Braun,FALSE,FALSE,1921,,2
"
										Bravo Sierra
								",Justin Guilbert and Benjamin Bernet,FALSE,FALSE,2018,"Bath & Body ,Men ,Hair ,Skin Care",16
"
										Briogeo
								",Nancy Twine,TRUE,TRUE,2013,"Hair ,Gifts ,Tools & Brushes ,Bath & Body",65
"
										Bumble and bumble
								",Michael Gordon,FALSE,FALSE,1977,"Hair ,Gifts",105
"
										Burberry
								",Thomas Burberry,FALSE,FALSE,1856,"Fragrance ,Men ,Gifts",17
"
										Burt's Bees
								",Burt Shavitz and Roxanne Quimby,TRUE,FALSE,1984,"Skin Care, Makeup, Gifts, Bath & Body",66
"
										Buttah Skin
								",Dorion Renaud,FALSE,TRUE,2018,"Skin Care ,Bath & Body ,Gifts ,Tools & Brushes",17
"
										Buxom
								",Jill Scalamandre,TRUE,FALSE,2007,"
Makeup, Gifts, Skin Care",28
"
										Cake
								",Stefan Ytterborn,FALSE,FALSE,2013,"Shampoo & Conditioner , Styling Products , Treatment",15
"
										Calvin Klein
								",Calvin Klein,FALSE,FALSE,1978,"Fragrance ,Men",9
"
										CAMILLE ROSE
								",Janell Stephens,TRUE,TRUE,2011,"Hair ,Gifts",20
"
										CANNUKA
								",Michael Bumgarner,FALSE,FALSE,2018,"Skin Care ,Bath & Body ,Gifts",7
"
										Capelli New York
								",George Altirs,FALSE,FALSE,2011,,2
"
										Capri Blue
								",Castanea Partners,FALSE,FALSE,2012,,1
"
										Captain Blankenship
								",Jana Blankenship,TRUE,FALSE,2009,"Hair ,Gifts",9
"
										Carbon Theory.
								",Philip Taylor,FALSE,FALSE,2018,"Skin Care ,Bath & Body",9
"
										Carol's Daughter
								",Lisa Price,TRUE,TRUE,1993,"Shampoo & Conditioner ,Treatment ,Styling Products",19
"
										Carolina Herrera
								",Antonio Puig,FALSE,FALSE,1980,"Fragrance ,Gifts ,Men",17
"
										CeraVe
								", Tom Allison,FALSE,FALSE,2005,"Skin Care ,Men ,Bath & Body ,Makeup ,Gifts",43
"
										CHANEL
								",Alain and Gerard Wertheimer,FALSE,FALSE,1921,"
Makeup, Fragrance, Gifts, Men, Skin Care, Nails",101
"
										ChapStick
								",Dr. Charles Browne Fleet,FALSE,FALSE,1890,Makeup,7
"
										Chi
								",Farouk Shami,FALSE,TRUE,1986,"Hair ,Tools & Brushes ,Gifts",73
"
										China Glaze
								",Humberto Leon,FALSE,TRUE,1973,,1
"
										Chloé
								",Gaby Aghion,TRUE,FALSE,1988,"Perfume ,Rollerballs & Purse Sprays",8
"
										Clairol
								",Lawrence M. Gelb,FALSE,FALSE,1931,"Root Touch Up ,Hair Color & Bleach",8
"
										Clarins
								",Jacques Courtin,FALSE,FALSE,1954,"
Skin Care, Makeup, Bath & Body, Gifts",64
"
										Clean
								",Geoff S. and Deverey Kirk,TRUE,FALSE,1980,"Perfume ,Rollerballs & Purse Sprays",6
"
										Clinique
								",Evelyn Lauder,TRUE,FALSE,1968,"Skin Care, Makeup, Gifts, Men, Bath & Body, Fragrance, Tools & Brushes, Nails",268
"
										CND
								",Stuart Nordstrom and Jan Arnold,TRUE,FALSE,1979,"Nail Care ,Top & Base Coats",7
"
										CO. by Colgate
								",William Colgate,FALSE,FALSE,1806,,7
"
										Coco & Eve
								",Emily Hamilton,TRUE,FALSE,2015,"Bath & Body ,Hair ,Skin Care",14
"
										cocokind
								",Priscilla Tsai,TRUE,TRUE,2015,"Skin Care ,Bath & Body",14
"
										Color Oops
								",Ann and Dave Agrey,TRUE,FALSE,1991,,1
"
										Color Wow
								",Gail Federici,FALSE,FALSE,2013,"Hair Color ,Styling Products",2
"
										ColourPop
								",aura and John Nelson,TRUE,FALSE,2014,"Makeup ,Gifts ,Tools & Brushes ,Skin Care",110
"
										Completely Bare
								",Cindy Barshop,TRUE,FALSE,1998,"Bath & Body ,Skin Care",9
"
										Conair
								",Leandro Rizzuto,FALSE,FALSE,1959,"Tools & Brushes ,Hair ,Bath & Body ,Makeup ,Skin Care ,Gifts ,Men",113
"
										COOLA
								",Chris Birchy,FALSE,FALSE,2007,"Skin Care ,Bath & Body ,Makeup ,Hair",33
"
										COSRX
								",Jun Sang Hun,FALSE,TRUE,2013,"Skin Care ,Gifts",26
"
										CoTz
								",Harry Fallick,FALSE,FALSE,2002,-,5
"
										COVER FX
								",Lee Graff,TRUE,FALSE,2000,"Makeup ,Skin Care ,Gifts",18
"
										CoverGirl
								",Francis J. Townsend,FALSE,FALSE,1961,"Makeup, Skin Care, Gifts",81
"
										Crepe Erase
								", Bill Guthy and Greg Renker,FALSE,FALSE,2014,"Skin Care ,Bath & Body ,Gifts",9
"
										Crest
								",Nick and Cherry Harroz,TRUE,FALSE,1955,Gifts,10
"
										Cricket
								",Wayne Clark,FALSE,FALSE,1982,"Tools & Brushes ,Hair",10
"
										Croc
								",T.J. Park,FALSE,FALSE,2005,"Tools & Brushes ,Hair",6
"
										CURLS
								",Mahisha Dellinger ,TRUE,TRUE,2002,"Styling Products ,Shampoo & Conditioner ,Treatment",13
"
										Curlsmith
								",Michal Berski,FALSE,FALSE,2018,"Hair, Gifts",63
"
										Curél
								",Tomiro Nagase,FALSE,TRUE,1984,"Skin Care ,Makeup ,Gifts",6
"
										Céla
								",Celine Tadrissi,TRUE,FALSE,2016,"Bath & Body ,Gifts ,Fragrance",12
"
										Daily Concepts
								",Emilio Smeke,FALSE,FALSE,2011,"Bath & Body ,Skin Care ,Tools & Brushes ,Gifts ,Makeup",16
"
										Dashing Diva
								",John Chang,FALSE,TRUE,2003,"Nail Polish Stickers ,Nail Care",88
"
										DefineMe Fragrance
								",Jennifer McKay Newton,TRUE,FALSE,2015,"Body Mist & Hair Mist ,Perfume ,Rollerballs & Purse Sprays",12
"
										Derma E
								",Linda Miles and David Stearn,TRUE,FALSE,1984,"Skin Care ,Hair ,Bath & Body ,Makeup ,Men",57
"
										Dermablend
								",Craig Roberts,FALSE,FALSE,1981,"Face ,Body Makeup ,Travel Size",14
"
										DERMAFLASH
								",Dara Levy,TRUE,FALSE,2015,"Tools & Brushes ,Skin Care ,Bath & Body",7
"
										Design Essentials
								",Cornell McBride,FALSE,TRUE,1990,"Styling Products ,Shampoo & Conditioner ,Treatment",18
"
										DevaCurl
								",Lorraine Massey,TRUE,FALSE,1994,"Hair ,Gifts ,Tools & Brushes ,Bath & Body",60
"
										DHC
								",Yoshiaki Yoshida,FALSE,TRUE,1972,"Skin Care ,Makeup ,Tools & Brushes",15
"
										Diane
								",James Simon,FALSE,FALSE,1907,"Tools & Brushes ,Hair",17
"
										Differin
								",Stuart Raetzman,FALSE,FALSE,2016,"Skin Care ,Bath & Body",11
"
										Dionis
								",Kate Crosby,TRUE,FALSE,1982,"Bath & Body ,Gifts ,Skin Care ,Men ,Makeup",45
"
										DKNY
								",Donna Karan,TRUE,FALSE,1984,"Fragrance ,Gifts",3
"
										Dolce&Gabbana
								",Domenico Dolce and Stefano Gabbana,FALSE,FALSE,1990,"Fragrance, Men, Gifts",30
"
										Donna Karan
								",Donna Karan,TRUE,FALSE,1984,"Fragrance ,Gifts ,Bath & Body",6
"
										Dotted Zebra
								",Michael Postle,FALSE,FALSE,2018,-,6
"
										dpHUE
								",Donna Pohlad and Justin Anderson,TRUE,FALSE,2010,"Hair ,Gifts",26
"
										Dr Roebuck's
								",Zoe Roebuck,TRUE,FALSE,2016,"Treatment & Serums ,Cleansers",3
"
										Dr. Brandt
								",Fredric Brandt,FALSE,FALSE,2000,"Skin Care ,Makeup",8
"
										Dr. PAWPAW
								",Johnny Paterson,FALSE,FALSE,2013,"Skin Care ,Makeup ,Bath & Body",5
"
										Drunk Elephant
								",Tiffany Masterson,TRUE,FALSE,2013,"Skin Care ,Bath & Body ,Hair ,Gifts ,Makeup",45
"
										Drybar
								",Alli Webb,TRUE,FALSE,2010,"Hair, Tools & Brushes, Gifts, Bath & Body",81
"
										Duke Cannon Supply Co
								",Anthony Albanese,FALSE,FALSE,2011,"Men ,Fragrance ,Bath & Body ,Gifts ,Skin Care ,Hair",58
"
										Dyson
								",James Dyson,FALSE,FALSE,1991,"Tools & Brushes ,Hair ,Gifts",11
e.l.f. Cosmetics,Scott-Vincent Borba and Joseph Shamah,FALSE,FALSE,2004,"Makeup, Tools & Brushes, Skin Care, Gifts, Bath & Body",183
"
										Earth Therapeutics
								",Henry Kang,FALSE,FALSE,2002,"Bath & Body ,Skin Care ,Nails ,Gifts ,Makeup",71
"
										Eau de Juice
								","Ilias Ermenidis, Clément Gavarry, and Honorine Blanc",TRUE,FALSE,2019,,4
"
										EcoTools
								",Stacey Bingaman and Jenny Ball,TRUE,FALSE,2007,"Tools & Brushes ,Makeup ,Gifts ,Bath & Body ,Skin Care ,Hair",46
"
										Eczema Honey
								",Minesh Patel,FALSE,TRUE,2010,"Bath & Body ,Skin Care",9
"
										Elaluz by Camila Coelho
								",Camila Coelho,TRUE,TRUE,2020,"Makeup ,Skin Care ,Bath & Body",8
"
										Elcie Cosmetics
								",Lilit Caradanian,TRUE,FALSE,2016,"Makeup ,Gifts ,Tools & Brushes ,Skin Care",22
"
										ELEMIS
								","Noella Gabriel, Oriele Frank, and Sean C. Harrington",TRUE,FALSE,1988,"Skin Care ,Bath & Body ,Men ,Makeup ,Gifts ,Tools & Brushes",55
"
										Elizabeth Arden
								",Elizabeth Arden,TRUE,FALSE,1910,"Skin Care ,Fragrance ,Gifts ,Bath & Body",30
"
										Elizabeth Taylor
								","
										Elizabeth Taylor
								",TRUE,FALSE,1991,,1
"
										ella+mila
								",Narineh Bedrossian,TRUE,FALSE,2014,"Nails ,Gifts",21
"
										Ellis Brooklyn
								",Bee Shapiro,TRUE,TRUE,2014,"Fragrance ,Gifts ,Bath & Body",22
"
										Eos
								",Dan Larimer,FALSE,FALSE,2006,"Skin Care ,Bath & Body",7
"
										Erborian
								",Katalin Berenyi and Hojung Lee,TRUE,TRUE,2007,"Skin Care ,Makeup ,Bath & Body",34
"
										Ere Perez
								",Ere and Juan Perez,TRUE,TRUE,2004,"Face ,Lips ,Eyes",9
"
										Essence
								",Christina Oster-Daum,TRUE,TRUE,2005,"Makeup ,Gifts ,Tools & Brushes ,Skin Care",119
"
										Essie
								", Essie Weingarten,TRUE,FALSE,1981,"Nails ,Gifts",36
"
										Estée Lauder
								",Estée Lauder and Joseph Lauder,TRUE,FALSE,1946,"Skin Care, Makeup, Gifts, Fragrance",92
"
										Eva Nyc
								","Shay, Nir Kadosh, and Vita Raykhman",TRUE,TRUE,2012,"Hair ,Tools & Brushes ,Gifts",35
"
										Everpro
								",Steve Borrebach,FALSE,FALSE,2013,,1
"
										Every Man Jack
								",Ritch Viola,FALSE,FALSE,2007,"Men ,Bath & Body ,Skin Care ,Gifts ,Hair",19
"
										Everyday Humans
								",Charlotte C Pienaar,TRUE,TRUE,2018,"Skin Care ,Bath & Body",4
"
										Exa
								",Greg Papadopoulos,FALSE,FALSE,1991,"Eyes ,Face",4
"
										Exuviance
								",Dr Eugene Van Scott and Dr Ruey Yu,FALSE,TRUE,2014,"Skin Care, Gifts, Makeup",44
"
										Eyeko
								",Nina Leykind,TRUE,FALSE,1999,"Makeup ,Gifts ,Skin Care",21
"
										Eylure
								",David and Eric Aylott,FALSE,FALSE,1947,"Eyelashes ,Eyeliner",54
FACE HALO,Lizzy Pike,TRUE,FALSE,2017,"Skin Care ,Makeup ,Tools & Brushes ,Hair ,Gifts ,Bath & Body",6
"
										Fairy Tales
								",Risa Barash,TRUE,FALSE,1999,"Hair ,Gifts ,Tools & Brushes",19
"
										Fake Bake
								",Sandra McClumpha,TRUE,FALSE,2001,,2
"
										FEKKAI
								",Frédéric Fekka,FALSE,FALSE,1996,"Hair ,Gifts ,Bath & Body",42
"
										FENTY BEAUTY by Rihanna
								",Robyn Rihanna Fenty,TRUE,TRUE,2017,"Makeup, Tools & Brushes, Gifts",54
"
										Fifth & Root 
								",Vanessa Florentino,TRUE,FALSE,1993,"Skin Care ,Bath & Body",6
"
										Flawless by Finishing Touch
								",Andy Khubani,FALSE,FALSE,2017,"Bath & Body ,Tools & Brushes ,Skin Care ,Gifts ,Nails",19
"
										Flora & Curl
								",Rose Ovensehi,TRUE,TRUE,2017,"Shampoo & Conditioner ,Styling Products",7
"
										florence by mills
								",Millie Bobby Brown,TRUE,FALSE,2019,"Skin Care ,Makeup ,Hair ,Gifts ,Tools & Brushes ,Bath & Body",46
"
										FLOWER Beauty
								",Drew Barrymore,TRUE,FALSE,2013,"Makeup ,Gifts ,Skin Care",52
"
										Flowery
								",Geoff Geils,FALSE,FALSE,1910,"Nails ,Bath & Body",21
"
										Foreo
								",Filip Sedic ,FALSE,FALSE,2013,"Skin Care ,Tools & Brushes",11
"
										Formula 10.0.6
								",Hadley and Peyton Bell,TRUE,FALSE,1933,"Skin Care ,Bath & Body",34
"
										Four Reasons Color Mask
								",Gunnar Didrichsen,FALSE,FALSE,1997,,1
"
										FOUR SIGMATIC
								",Tero Isokauppila and Mikko Revonniemi,FALSE,FALSE,2012,"Supplements ,Sleep Essentials",3
"
										Fourth Ray Beauty
								",Laura and John Nelson,TRUE,FALSE,2018,"Skin Care ,Gifts",26
"
										Freeman
								",Donald S. Freeman,FALSE,FALSE,1927,"Skin Care ,Gifts ,Men",24
"
										fresh
								",Lev Glazman and Alina Roytberg,TRUE,FALSE,1991,"Skin Care ,Bath & Body ,Makeup ,Gifts ,Fragrance",60
"
										Fromm
								",Robert Green,FALSE,FALSE,1904,"Tools & Brushes ,Hair",10
"
										Fur
								",Lillian Tung and Laura Schubert,TRUE,TRUE,2016,"Bath & Body ,Tools & Brushes ,Skin Care",11
Ga.Ma Italy Professional,Mario Gardini,FALSE,FALSE,1969,"Skin Care ,Makeup ,Bath & Body ,Gifts",20
"
										Garnier
								",Ann Garnier,TRUE,FALSE,1904,"Tools & Brushes ,Hair ,Gifts",2
"
										Ghd
								","Robert Powls, Martin Penny, and Gary Douglas",FALSE,FALSE,2001,"Hair ,Tools & Brushes ,Gifts",19
"
										Gigi
								",Gigi Goldman,TRUE,FALSE,2015,"Bath & Body ,Gifts ,Tools & Brushes",21
"
										Gillette
								",King C. Gillette,FALSE,FALSE,1901,"Bath & Body ,Tools & Brushes ,Skin Care ,Men",27
"
										GIMME beauty
								", Mark Durham,FALSE,FALSE,2006,"Tools & Brushes ,Hair",36
"
										GLAMGLOW
								",Shannon Dellimore and Glenn Dellimore,TRUE,FALSE,2010,"Skin Care ,Gifts ,Makeup",31
"
										Glamnetic
								",Ann McFerran,TRUE,TRUE,2019,"Nails ,Makeup",28
"
										Go Smile
								",Rose Wood,TRUE,FALSE,2002,,9
"
										Gold 'N Hot
								",Gerald J Rubin,FALSE,FALSE,1968,"Tools & Brushes ,Hair",3
"
										Goli Nutrition
								",Michael Bitensky,FALSE,FALSE,2019,Gifts,4
"
										Got 2b
								",Robert Reynolds,FALSE,FALSE,2001,"Hair Color ,Styling Products",4
"
										Grace Eleyae
								",Grace Eleyae,TRUE,TRUE,2015,"Bath & Body ,Tools & Brushes ,Hair",3
"
										Grande Cosmetics
								",Alicia Grande,TRUE,FALSE,2008,"Makeup ,Hair ,Gifts ,Skin Care ,Tools & Brushes ,Bath & Body",28
"
										Groovi Beauty
								",Bradley Berkley,FALSE,FALSE,2005,,11
"
										Grow Gorgeous
								",Brandon Truaxe,FALSE,TRUE,2012,"Hair ,Gifts",12
"
										Gucci
								",Guccio Gucci,FALSE,FALSE,1921,"Fragrance ,Men ,Gifts",21
"
										Guerlain
								",Pierre François Pascal Guerlain,FALSE,FALSE,1828,,1
HAIRtamin,Leyla Milani Khoshbin,TRUE,TRUE,2016,"Skin Care ,Bath & Body ,Hair ,Gifts",10
"
										HALLY
								",Kathryn Winokur,TRUE,FALSE,2020,"Trend Color, Hair Color & Bleach",1
"
										HAN Skincare Cosmetics
								",Susan Wong,TRUE,TRUE,2015,"Face ,Lips ,Eyes",6
"
										Hanskin
								",Susan Wong,TRUE,TRUE,2016,"Skin Care ,Gifts",17
"
										Happy Dance
								",Kristen Bell,TRUE,FALSE,2017,"Bath & Body ,Skin Care ,Gifts",7
"
										Hask
								",Al Kelekci,FALSE,FALSE,1946,"Shampoo & Conditioner ,Treatment ,Styling Products",35
"
										Hello
								",Craig Dubitsky,FALSE,FALSE,2013,"Bath & Body ,Skin Care",25
"
										Hempz
								",Rick Hough,FALSE,FALSE,1998,"Bath & Body ,Skin Care ,Hair ,Gifts ,Fragrance ,Men",115
"
										Heritage Store
								",Tom Johnson,FALSE,FALSE,1969,"Skin Care ,Bath & Body",13
"
										Hero Cosmetics
								",Ju Rhyu,TRUE,TRUE,2012,"Skin Care ,Bath & Body",9
"
										Hey Honey
								",Katerina Yoffe Larden,TRUE,TRUE,2011,"Skin Care ,Makeup ,Bath & Body",16
"
										Holika Holika
								",Lee Byung-chul,FALSE,TRUE,2010,"Makeup ,Skin Care ,Gifts ,Bath & Body",29
"
										Hollywood Fashion Secrets
								",Jane Dailey,TRUE,TRUE,2001,"Bath & Body ,ULTA Collection",19
"
										Homebody
								",Rebecca Grammer-Ybarra,TRUE,FALSE,2020,"Bath & Body ,Gifts",19
"
										HomeWorx
								",Harry Slatkin,FALSE,FALSE,2016,,7
"
										Honest Beauty
								","	Jessica Alba, Brian Lee, Sean Kane, and Christopher Gavigan",TRUE,TRUE,2011,"Skin Care ,Makeup ,Gifts ,Tools & Brushes ,Nails",50
"
										HOURGLASS
								",Carisa Janes,TRUE,FALSE,2004,"Makeup, Tools & Brushes, Gifts,Skin Care",81
"
										House of Lashes
								",Jenn Chiba,TRUE,TRUE,2021,,7
"
										Hugo Boss
								","
										Hugo Boss
								",FALSE,FALSE,1924,,6
"
										Hustle Butter
								",Richie Bulldog,FALSE,FALSE,2012,"Bath & Body ,Men ,Gifts",5
"
										Hynt Beauty
								",Meryl and Craig Marshall,TRUE,FALSE,2014,"Makeup ,Skin Care ,Gifts",9
I Dew Care,Dino Ha,FALSE,TRUE,2019,"Skin Care ,Tools & Brushes ,Hair ,Gifts ,Makeup ,Bath & Body",20
"
										I Heart Revolution
								",Adam Minto and Tom Allsworth,FALSE,FALSE,2015,"Makeup ,Gifts ,Skin Care ,Tools & Brushes",64
"
										ICONIC LONDON
								",Jade Elliott,TRUE,TRUE,2015,"Makeup ,Gifts ,Skin Care",12
"
										iDesign
								",Sarah Tanno,TRUE,FALSE,2022,"Makeup ,Tools & Brushes ,Hair",14
"
										IGK
								","Franck Izquierdo, Chase Kusero, Aaron Grenia and Leo Izquierdo",FALSE,FALSE,2016,"Hair, Gifts",38
"
										ILLUME
								",Lynette Reed,TRUE,FALSE,1994,,3
"
										Impressions Vanity
								",Kevin Choi,FALSE,TRUE,2014,,2
"
										Indeed Labs
								",Brandon Truax,FALSE,FALSE,2013,"Skin Care ,Makeup ,Bath & Body",25
"
										INDIE LEE
								",Suee Wagners,TRUE,FALSE,2013,"Skin Care ,Gifts",18
"
										Innersense Organic Beauty
								",Greg and Joanne Starkman,TRUE,FALSE,2005,"Hair ,Gifts",24
"
										INSERT NAME HERE
								",Sharon Pak and Jordynn Wynn,TRUE,FALSE,2018,"Hair ,Tools & Brushes ,Gifts",8
"
										InStyler
								",Linda Flowers,TRUE,FALSE,2008,"Tools & Brushes ,Hair ,Gifts",7
"
										Invisibobble
								",Sophie Trelles-Tvede,TRUE,FALSE,2012,"Tools & Brushes ,Hair",65
"
										IT Brushes For ULTA
								",Jamie Kern Lima,TRUE,FALSE,2014,"Tools & Brushes, Makeup, Gifts",49
"
										It Cosmetics
								",Jamie Kern Lima and Paulo Lima,TRUE,FALSE,2008,"Makeup, Skin Care, Gifts, Tools & Brushes",68
"
										It's A 10
								",Carolyn Aronson,TRUE,FALSE,2006,"Hair ,Gifts",52
J.Cat Beauty,Victor Chang,FALSE,TRUE,2013,"Makeup ,Tools & Brushes ,Gifts ,Skin Care",90
"
										J.R. Watkins
								",J. R. Watkins,FALSE,FALSE,1868,"Bath & Body ,Fragrance",11
"
										Jack Black
								","Curran Dandurand, Emily Dalton and Jeff Dandurand",TRUE,FALSE,2000,"Men ,Skin Care ,Bath & Body ,Hair ,Gifts ,Fragrance ,Makeup",42
"
										Jaclyn Cosmetics
								",Jaclyn Roxanne Hill,TRUE,FALSE,2014,"Makeup ,Skin Care ,Gifts",20
"
										Jean Paul Gaultier
								","
										Jean Paul Gaultier
								",FALSE,FALSE,1982,Gifts,3
"
										Jergens
								",Andrew N. Jergens Sr. and Charles Geilfus,FALSE,FALSE,1882,,1
"
										Jimmy Choo
								",Jimmy Choo and Tamara Mellon,TRUE,FALSE,1996,"Fragrance ,Men ,Gifts",12
"
										John Varvatos
								","
										John Varvatos
								",FALSE,FALSE,1999,Gifts,5
"
										Joico
								",Steve Stefano,FALSE,TRUE,1975,"Shampoo & Conditioner ,Styling Products ,Travel Size ,Treatment",79
"
										Josh Rosebrook
								",Philippe Kahn,FALSE,FALSE,2008,"Moisturizers ,Cleansers ,Treatment & Serums",12
"
										Juice Beauty
								",Karen Behnke,TRUE,FALSE,2000,"Skin Care, Makeup, Gifts, Bath & Body",48
"
										Juicy Couture
								",Josie Maran,TRUE,FALSE,2007,"Fragrance ,Gifts",17
"
										Juvia's Place
								",Chichi Eburu,TRUE,TRUE,2016,"Makeup ,Gifts",58
Kate Somerville,Gela Nash and Pamela Skaist,TRUE,FALSE,1997,"
Skin Care, Bath & Body, Makeup, Gifts",36
"
										Kate Spade New York
								","
										Kate Spade
								",TRUE,FALSE,1993,"Fragrance ,Gifts",4
"
										Kenneth Cole New York
								","	Kenneth Cole (and Sam Edelman",FALSE,FALSE,1982,,1
"
										Kenra Professional
								",Henry Meyers,FALSE,FALSE,1920,"Hair, Gifts",100
"
										Keracolor
								",Jerry Wallis,FALSE,FALSE,2018,"Shampoo & Conditioner ,Hair Color",7
"
										Keranique
								",Tom Shipley,FALSE,FALSE,2014,"Hair ,Gifts",27
"
										Kestrel
								",Monica Reid,FALSE,FALSE,1981,,3
"
										Keys Soulcare
								",Alicia Keys,TRUE,TRUE,2021,"Skin Care ,Gifts ,Bath & Body ,Tools & Brushes ,Fragrance",27
"
										Kiehl's Since 1851
								",John Kiehl,FALSE,FALSE,1851,"Skin Care, Men, Bath & Body, Gifts, Hair, Fragrance",98
"
										KIKO Milano
								",Antonio Percassi,FALSE,FALSE,1997,"Makeup ,Skin Care ,Gifts",61
"
										Kinship
								",Christn Powell and Alison Haljun ,TRUE,FALSE,2019,"Skin Care ,Gifts ,Makeup ,Bath & Body",16
"
										Kitsch
								",Cassandra Thurswell,TRUE,FALSE,2010,"Hair ,Tools & Brushes ,Bath & Body ,Gifts ,Skin Care",135
"
										Klairs
								",Ryan Soungho Park,TRUE,TRUE,2009,"Global Skin Care ,Cleansers ,Treatment & Serums ,Moisturizers",6
"
										Klorane
								",Pierre Fabre,FALSE,FALSE,1966,"Hair ,Gifts",30
"
										Kneipp
								",Sebastian Kneipp,FALSE,FALSE,1891,"Bath & Body ,Gifts ,Skin Care ,Men",40
"
										Kopari Beauty
								",Kiana Cabell and Gigi Goldman,TRUE,FALSE,2015,"Bath & Body ,Skin Care ,Gifts ,Makeup ,Fragrance",42
"
										Kreyòl Essence
								",Yve-Car Momperousse,TRUE,TRUE,2010,"Hair ,Skin Care ,Bath & Body",27
"
										KRISTIN ESS HAIR
								",Kristin Ess,TRUE,FALSE,2008,"Hair ,Tools & Brushes ,Gifts",53
"
										KVD Beauty
								",Kat Von D,TRUE,FALSE,2008,"Makeup, Gifts, Tools & Brushes",37
"
										KYLIE COSMETICS
								",Kylie Jenner,TRUE,FALSE,2014,"Makeup ,Gifts ,Tools & Brushes",22
"
										KYLIE SKIN
								",Kylie Jenner,TRUE,FALSE,2019,"Skin Care ,Gifts ,Tools & Brushes ,Makeup ,Bath & Body",23
L'ange,Dalia Lange,TRUE,FALSE,2017,"Hair ,Tools & Brushes ,Gifts",24
"
										L'anza
								",David Berglass,FALSE,FALSE,2002,"Shampoo & Conditioner ,Treatment ,Styling Products ,Gifts & Value Sets",41
"
										L'Occitane
								",Olivier Baussan,FALSE,FALSE,1976,"Skin Care ,Bath & Body ,Gifts ,Nails ,Makeup",25
"
										L'Oréal
								",Eugène Schueller,FALSE,FALSE,1909,"Makeup, Hair, Skin Care, Gifts, Tools & Brushes, Bath & Body",166
"
										L'Oréal Professionnel
								",Eugène Schueller,FALSE,FALSE,1910,,1
"
										L.A. Girl
								",Amy Tan,TRUE,TRUE,1985,"Makeup ,Gifts ,Skin Care ,Tools & Brushes",67
"
										La Roche-Posay
								",René Levayer,TRUE,FALSE,1994,"Skin Care ,Bath & Body ,Men ,Makeup ,Gifts",46
"
										Lake & Skye
								",Courtney Somer,TRUE,FALSE,2015,"Fragrance ,Gifts",8
"
										Lancôme
								",Armand Petitjean,FALSE,FALSE,1935,"Makeup, Skin Care, Gifts, Fragrance, Tools & Brushes, Bath & Body",131
"
										Lano
								",Kirsten Carriol,TRUE,FALSE,2018,"Skin Care ,Bath & Body ,Makeup ,Gifts ,Nails",33
"
										LashFood
								",Faith Kim,TRUE,TRUE,2007,"Makeup ,Skin Care ,Gifts",5
"
										Laura Mercier
								",Laura Mercier,TRUE,FALSE,1996,"Gifts, Skin Care, Tools & Brushes",31
"
										LAVANILA
								",Danielle Raynor,TRUE,FALSE,2006,,3
"
										Le Mini Macaron
								",Christina Koa and François-Xavier Humbert,TRUE,TRUE,2015,"Nails ,Gifts ,Bath & Body",25
Leandro Limited,Leandro Rizzuto,FALSE,FALSE,1959,,3
"
										Lilly Lashes
								",Lilly Ghalich,TRUE,TRUE,2013,"Makeup ,Tools & Brushes",22
"
										Lime Crime
								",Doe Deere,TRUE,FALSE,2008,"Makeup ,Gifts ,Hair ,Tools & Brushes ,Skin Care",38
"
										Lip Smacker
								",Jesse Bell,TRUE,FALSE,1973,"Skin Care ,Makeup ,Gifts",3
"
										Live Tinted
								",Deepica Mutyala,TRUE,TRUE,2017,"Makeup ,Skin Care ,Bath & Body",7
"
										Living Proof
								",Jon Flint and Robert Langer,FALSE,FALSE,2005,"Hair, Gifts",69
"
										Locks & Mane
								",Jennifer Parrott,TRUE,FALSE,2015,"Hair ,Tools & Brushes",9
"
										LOLI Beauty
								",Tina Hedges,TRUE,FALSE,2014,"Skin Care ,Bath & Body ,Gifts ,Makeup",16
"
										LOOPS
								",Tom Szaky,FALSE,FALSE,2001,"Skin Care ,Gifts",11
"
										LORAC
								",Carol Shaw,TRUE,FALSE,1995,"Makeup, Gifts, Skin Care, Bath & Body",33
"
										Lottie London
								",Charlotte Knight,TRUE,FALSE,2014,"Makeup ,Gifts ,Tools & Brushes ,Skin Care",18
"
										Love Wellness
								",Lo Bosworth,TRUE,FALSE,2019,"Bath & Body ,Skin Care ,Gifts",22
"
										Loving Tan
								",Jo Hinton,TRUE,FALSE,2011,"Skin Care ,Bath & Body",9
"
										LUV SCRUB
								",Caroline Owusu-Ansah,TRUE,TRUE,2001,,5
M. Skin Care,Jakob Mohr,FALSE,FALSE,2020,"Moisturizers ,Cleansers",2
"
										MAC
								",Frank Toskan and Frank Angelo,FALSE,FALSE,1984,"Makeup, Gifts, Tools & Brushes, Skin Care",115
"
										Mad Hippie
								",Dana and Sam Stewart,TRUE,FALSE,2016,"Skin Care ,Bath & Body ,Gifts",21
"
										Madison Reed
								",Amy Errett,TRUE,FALSE,2013,"Hair ,Men ,Bath & Body",14
"
										MAHLI
								",Bec Sheehan,TRUE,TRUE,2016,,1
"
										Makeup Revolution
								",Adam Minto and Tom Allsworth ,FALSE,FALSE,2013,"Makeup, Gifts, Skin Care, Tools & Brushes, Bath & Body",166
"
										Manic Panic
								",Tish Bellomo and Snooky Bellomo,TRUE,FALSE,1977,"Hair Color ,Shampoo & Conditioner",7
"
										MANNA KADAR BEAUTY
								",Manna Kadar,TRUE,TRUE,2012,"Skin Care ,Bath & Body ,Gifts",10
"
										Marc Anthony
								",Marc Anthony Venere,FALSE,FALSE,1996,"Shampoo & Conditioner ,Styling Products ,Treatment",16
"
										Marc Jacobs
								",Robert Duffy,FALSE,FALSE,1984,"Fragrance ,Gifts",18
"
										Mario Badescu
								",Mario Badescu,FALSE,FALSE,1967,"Skin Care ,Gifts ,Makeup ,Bath & Body",95
"
										Matrix
								",Arnie Miller,FALSE,FALSE,1980,"Shampoo, Conditioner, Leave-In Conditioner, Co-Wash, Dry Shampoo",26
"
										Maui Babe
								",Christina Park,TRUE,FALSE,1996,"Skin Care ,Bath & Body",5
"
										Maui Moisture
								",Todd Christopher,FALSE,FALSE,2016,"Shampoo & Conditioner ,Styling Products ,Treatment",14
"
										Maybelline
								",Thomas Lyle Williams,FALSE,FALSE,1914,"Makeup, Gifts, Tools & Brushes, Skin Care",121
"
										MAËLYS Cosmetics
								",Yariv Citron and Daniel De Castro,FALSE,FALSE,2017,,3
"
										Meaningful Beauty
								",Jean-Louis Sebagh,FALSE,FALSE,2004,"Skin Care ,Gifts ,Makeup ,Bath & Body",13
"
										megababe
								",Katie Sturino,TRUE,FALSE,2017,"Bath & Body ,Skin Care ,Men ,Gifts",30
"
										MegRhythm
								",Michitaka Sawada,FALSE,TRUE,2017,,1
"
										Melanin Haircare
								",Whitney White and Taffeta White,TRUE,TRUE,2015,"Hair ,Gifts",5
"
										MELÉ
								",Esi Eggleston-Bracey and Sarah Irby,TRUE,TRUE,2018,"Treatment & Serums ,Moisturizers ,Cleansers",6
"
										Merci Handy
								",Roland Jais-Nielsen and Marty Louis,FALSE,FALSE,2012,"Hand & Foot Care ,Self Care & Wellness",7
"
										Miamica
								",Devra Miller,TRUE,FALSE,2000,"Hair ,Skin Care ,Bath & Body ,Makeup ,Tools & Brushes",17
"
										Michael Kors
								","
										Michael Kors
								",FALSE,FALSE,1981,"Fragrance ,Gifts",15
"
										Michael Todd Beauty
								",Lewis Hendler,FALSE,FALSE,2008,"Tools & Brushes ,Skin Care ,Bath & Body ,Nails",20
"
										Mielle Organics
								",Monique Rodriquez,TRUE,TRUE,2020,"Shampoo & Conditioner ,Treatment ,Styling Products",8
"
										Milani
								",Laurie Minc,TRUE,FALSE,2001,"Makeup ,Skin Care ,Gifts ,Tools & Brushes",85
"
										Milk + Honey
								",Alissa Bayer,TRUE,TRUE,2014,"Bath & Body ,Men ,Skin Care ,Gifts ,Fragrance",28
"
										Miss Spa
								",Kate Kimmerle,TRUE,FALSE,2012,"Skin Care ,Gifts ,Bath & Body",55
"
										Mixed Chicks
								",Kim Etheredge and Wendi Levy Kaaya,TRUE,TRUE,2004,"Shampoo & Conditioner ,Styling Products ,Treatment",10
"
										MONDAY Haircare
								",Jaimee Lupton,TRUE,FALSE,2021,"Conditioner ,Shampoo",10
"
										Moon
								",Kenneth Kruger,FALSE,FALSE,2018,"Bath & Body ,Gifts",18
"
										Morgan Taylor
								",Danny Haile,TRUE,TRUE,2007,"Nail Polish ,Top & Base Coats",4
"
										Morphe
								","	Chris Tawli and Linda Tawli",TRUE,FALSE,2008,"Makeup, Tools & Brushes, Gifts, Skin Care, Bath & Body",183
"
										Moschino
								",Franco Moschino,FALSE,FALSE,1983,"Fragrance ,Men",5
"
										MUGLER
								",Thierry Mugler,FALSE,FALSE,1973,"Perfume ,Rollerballs & Purse Sprays",14
"
										Murad
								",Howard Murad,FALSE,TRUE,1989,"Skin Care, Gifts, Men, Bath & Body",58
"
										My Clarins
								",Jacques Courtin-Clarins,FALSE,FALSE,1954,"Skin Care ,Gifts ,Makeup",13
"
										MyChelle
								",Myra Michelle Eby,TRUE,FALSE,2000,,1
"
										Mydentity
								",Guy Tang,FALSE,FALSE,2017,"Styling Products ,Shampoo & Conditioner ,Hair Color",7
NABLA,Alexandre Lebrun and Surge Biswas,FALSE,FALSE,2020,"Makeup ,Gifts",21
"
										Nads Natural
								",Sue Ismiel,TRUE,FALSE,1992,"Bath & Body ,Gifts",13
"
										Nail Tek
								",Thi Hoang,FALSE,TRUE,2008,"Nails ,Bath & Body",7
"
										Nailtopia
								",Amy Nguyen,TRUE,TRUE,2017,"Nails ,Gifts",31
"
										Nair
								","
Benjamin Nair",FALSE,FALSE,1972,"Body Moisturizers ,Bath & Shower",12
"
										NARS
								",François Nars,FALSE,FALSE,1994,"Makeup ,Gifts ,Skin Care",43
"
										Naturalicious
								",Gwen Jimmere,TRUE,TRUE,2013,"Hair ,Gifts",11
"
										Nemat
								",Mike Nemat,FALSE,FALSE,1994,"Fragrance ,Gifts",4
"
										NEST Fragrances
								",Laura Slatkin,TRUE,FALSE,2008,"Fragrance ,Gifts ,Bath & Body",14
"
										Neutrogena
								",Emanuel Stolaroff,FALSE,FALSE,1930,"Skin Care ,Bath & Body ,Makeup ,Tools & Brushes",94
"
										Nexxus
								",Jheri Redding,FALSE,FALSE,1979,"Shampoo & Conditioner ,Treatment ,Styling Products",20
"
										Nioxin
								",Eva Graham,TRUE,FALSE,1987,"Hair, Men, Gifts",50
"
										Nivea
								",Oscar Troplowitz,FALSE,FALSE,1911,"Bath & Body ,Skin Care ,Men",13
"
										No7
								","
Florence Boot",TRUE,FALSE,1935,"Skin Care, Gifts, Makeup, Nails, Bath & Body",46
"
										Not Your Mother's
								",Bethany Pagliarulo,TRUE,FALSE,2010,"Hair, Gifts",78
"
										Noughty
								",Rachel Parsonage and Lorna Mitchell,TRUE,FALSE,2016,"Shampoo & Conditioner ,Treatment ,Styling Products",27
"
										noyah
								",Joshua Gordon,FALSE,FALSE,2014,"Skin Care ,Gifts",2
"
										Nude Sugar
								",Toni Braxton,TRUE,TRUE,2021,"Bath & Body ,Skin Care ,Fragrance",9
"
										NUDESTIX
								",Jenny Frankel and Taylor Frankel,TRUE,FALSE,2013,"Makeup ,Skin Care ,Gifts",38
"
										Nurse Jamie
								",Jamie Sue Sherrill,TRUE,FALSE,2008,"Skin Care ,Tools & Brushes ,Bath & Body",7
"
										NYX Professional Makeup
								",Toni Ko,TRUE,TRUE,1999,"Makeup, Gifts, Tools & Brushes, Skin Care",144
"
										N°1 DE CHANEL
								",Olivier Polge,TRUE,FALSE,2022,"Skin Care ,Makeup ,Gifts ,Bath & Body",9
Ofra Cosmetics,Ofra and David Gaito,TRUE,FALSE,1994,"Makeup ,Gifts ,Skin Care ,Tools & Brushes",45
"
										OGX
								",Todd Christopher,FALSE,FALSE,1984,"Shampoo & Conditioner, Styling Products, Treatment",45
"
										Oh K!
								",Kim Chi,TRUE,TRUE,2015,"Skin Care ,Bath & Body",16
"
										OLAPLEX
								",Dr. Eric Pressly and Dr. Craig Hawker,FALSE,FALSE,2014,"Hair ,Gifts",8
"
										Olay
								",Graham Wulff,FALSE,FALSE,1952,"Skin Care ,Bath & Body ,Tools & Brushes",29
"
										Olivia Garden
								",Jean & Micheline Rennette,TRUE,FALSE,1967,,43
"
										One Love Organics
								",Suzanne LeRoux,TRUE,FALSE,2010,"Skin Care ,Tools & Brushes ,Bath & Body",16
"
										OPI
								",George Schaeffer,FALSE,FALSE,1981,"Nails, Gifts, Bath & Body",54
"
										ORA
								",Will Smelko and Ronald Chang,FALSE,FALSE,2002,,2
"
										Oral-B
								",Robert W. Hutson,FALSE,FALSE,1950,Gifts,3
"
										Origins
								",Leonard Lauder,FALSE,FALSE,1990,"Skin Care, Gifts, Makeup, Bath & Body",50
"
										Orly
								",Jeff Pink,FALSE,FALSE,1975,"Nails ,Gifts",18
"
										OSEA
								",Jenefer Palmer,TRUE,FALSE,1982,"Skin Care ,Gifts ,Bath & Body ,Makeup",13
"
										Ouidad
								",Ouidad and Peter Wise,TRUE,TRUE,1983,"Hair ,Tools & Brushes ,Gifts",77
Pacifica,Brook Harvey-Taylor and Billy Taylor,TRUE,FALSE,1996,"Skin Care ,Bath & Body ,Makeup ,Fragrance ,Gifts ,Hair ,Nails ,Tools & Brushes",226
"
										Paco Rabanne
								",Paco Rabanne,FALSE,FALSE,1966,"Fragrance ,Men ,Gifts",11
"
										Parissa
								",Azar Moayeri,TRUE,TRUE,1983,"Bath & Body ,Tools & Brushes ,Skin Care",15
"
										Patchology
								",Chris Hobson,FALSE,FALSE,2006,"Skin Care ,Gifts ,Bath & Body",40
"
										PATTERN
								",Dave Wright and Melanie Alder,FALSE,FALSE,2013,"Hair, Tools & Brushes, Gifts, Bath & Body",50
"
										Paul Mitchell
								",John Paul DeJoria and Paul Mitchell,FALSE,FALSE,1980,"Hair, Gifts, Men, Tools & Brushes, Bath & Body, Fragrance",159
"
										PEACH & LILY
								",Alicia Yoon,TRUE,TRUE,2012,"Skin Care ,Gifts ,Makeup ,Bath & Body",24
"
										Peach Slices
								",Alicia Yoon,TRUE,TRUE,2012,"Skin Care ,Gifts",13
"
										Persona
								",Rick Song and Charles Yeh,FALSE,TRUE,2015,"Makeup ,Gifts ,Tools & Brushes",16
"
										Peter Thomas Roth
								",Peter Thomas Roth,FALSE,FALSE,1993,"Skin Care, Gifts, Men, Makeup, Bath & Body",59
"
										Petite n Pretty
								",Samantha Cutler,TRUE,FALSE,2018,"Makeup ,Gifts ,Tools & Brushes ,Skin Care ,Hair ,Fragrance",31
"
										Philosophy
								",Cristina Carlino,TRUE,FALSE,1996,"Skin Care, Fragrance, Bath & Body, Gifts, Hair, Nails, Makeup",106
"
										Physicians Formula
								",Frank Crandall,FALSE,FALSE,1937,"Makeup ,Gifts ,Skin Care",25
"
										Pipette
								",Alex Spector,FALSE,FALSE,1996,"Bath & Body ,Skin Care ,Hair ,Gifts",25
"
										Pirette
								",Griffin Coon,FALSE,FALSE,2014,"Fragrance ,Bath & Body ,Gifts ,Hair",9
"
										PMD
								",Philippe d'Offay,FALSE,FALSE,1998,"Skin Care ,Tools & Brushes ,Bath & Body ,Men ,Makeup",29
"
										Polder
								",Jennifer Hofmeijer,TRUE,FALSE,2016,,1
"
										Poo~Pourri
								",Suzy Batiz,TRUE,FALSE,2007,"Self Care & Wellness ,Bath & Body Accessories ,Travel Size",5
"
										Prada
								",Mario Prada,FALSE,FALSE,1913,"Fragrance ,Men",12
"
										Pravana
								",Steve Goddard,FALSE,FALSE,2004,"Shampoo & Conditioner ,Travel Size ,Treatment",22
"
										Proactiv
								",Katie Rodan and Kathy Fields,TRUE,FALSE,1995,"Skin Care ,Men ,Gifts ,Bath & Body",23
"
										Punky Colour
								",Jerome Russell,FALSE,FALSE,1992,"Hair Color ,Shampoo & Conditioner",6
"
										Pura d'or
								",Bruno Lima and Richie Stapler,FALSE,FALSE,2011,"Hair ,Men",13
"
										Pureology
								",Jim Markham,FALSE,FALSE,2001,"Hair, Gifts",57
"
										pursoma
								",Shannon Vaughn,TRUE,FALSE,2014,"Bath & Shower ,Body Moisturizers",7
"
										PYT Beauty
								",Amy Carr and Mary Schulman,TRUE,FALSE,2018,"Makeup ,Gifts",19
"
										PÜR
								",Jay Klein,FALSE,FALSE,2010,"Makeup, Skin Care, Gifts, Tools & Brushes",54
Qhemet Biologics,Felis Butler,TRUE,TRUE,2004,"Shampoo & Conditioner ,Treatment ,Styling Products",8
Ralph Lauren,Ralph Lauren,FALSE,FALSE,1967,"Fragrance ,Men ,Gifts",16
"
										RapidHair
								",Rob Trow,FALSE,FALSE,2014,,1
"
										Rapidlash
								",Rob Trow,FALSE,FALSE,2008,"Lash Primer & Serums ,Eyebrows ,Mascara",4
"
										Real Techniques
								",Samantha Chapman and Nicola Haste,TRUE,FALSE,2011,"Tools & Brushes ,Makeup ,Gifts ,Skin Care",54
"
										Rebels Refinery
								",Eric Fallon,FALSE,FALSE,2012,,4
"
										Redken
								",Jheri Redding,FALSE,FALSE,1960,"
Hair, Men, Gifts",141
"
										Remington
								",Eliphalet Remington,FALSE,FALSE,1816,"Tools & Brushes ,Bath & Body ,Men ,Hair ,Gifts",9
"
										Revlon
								",Charles Revson,FALSE,FALSE,1932,"Makeup, Tools & Brushes, Bath & Body, Nails, Hair, Gifts, Skin Care, Men",100
"
										Revolution PRO
								",Andy Quildan,FALSE,FALSE,2012,"Makeup ,Gifts",9
"
										Riki Loves Riki
								",Wanchen and Erik Kaiser,FALSE,FALSE,2020,,4
"
										RITUALS
								",Raymond Cloosterman,FALSE,FALSE,2000,"Bath & Body ,Gifts ,Fragrance",25
"
										Rituel de Fille
								","Katherine, Caroline, and Michelle Ramos",TRUE,FALSE,2014,"Makeup ,Skin Care",5
"
										Rizos Curls
								",Julissa Prado,TRUE,TRUE,2017,"Hair ,Tools & Brushes ,Gifts",12
"
										Rosebud Perfume Co.
								",George F. Smith ,FALSE,FALSE,1895,"Skin Care ,Gifts",8
"
										ROSEN
								",Harris Rosen,FALSE,FALSE,1974,"Treatment & Serums ,Cleansers ,Moisturizers",5
"
										Rusk
								",Irvine and Louise Rusk,TRUE,FALSE,1993,"Shampoo & Conditioner ,Treatment ,Styling Products",15
Sacheu,Sarah Cheung,TRUE,TRUE,2020,"Skin Care ,Tools & Brushes ,Gifts",4
"
										Sagely Naturals
								",Kerrigan Behrens and Kaley Nichol,TRUE,FALSE,2015,"Self Care & Wellness ,Body Moisturizers",6
"
										Sally Hansen
								","
										Sally Hansen
								",TRUE,FALSE,1946,"Nails, Bath & Body, Gifts, Hair",80
"
										SAND & SKY
								",Sarah Hamilton and Stephanie Michel,TRUE,FALSE,2017,"Skin Care ,Bath & Body",8
"
										Sara Happ
								",Sara Happ,TRUE,FALSE,2005,"Skin Care ,Makeup ,Gifts",10
"
										Schick
								",Jacob Schick,FALSE,FALSE,1926,"Bath & Body ,Tools & Brushes ,Men",12
"
										Schmidts
								",Jaime Schmidt,TRUE,FALSE,2010,"Skin Care ,Bath & Body",5
"
										SCRATCH
								",Mitchel Resnick and David Siegel,FALSE,FALSE,2007,,7
"
										Scünci
								",Lewis Hendler and Michael Todd,FALSE,FALSE,1959,"Tools & Brushes ,Hair ,Makeup ,Gifts",150
"
										Sebastian
								",Geri Cusenza and John Sebastian,FALSE,FALSE,1972,"Hair ,Men",44
"
										Seche
								",Bill and Charles Martens,FALSE,FALSE,1991,"Top & Base Coats ,Nail Care ,Nail Polish",5
"
										Secret
								",William Procter and James Gamble,FALSE,FALSE,1956,,4
"
										Seed Phytonutrients
								",Shane Wolf,FALSE,FALSE,2018,,1
"
										SEEN
								",Iris Rubin,TRUE,FALSE,2014,"Shampoo & Conditioner ,Treatment ,Styling Products ,Travel Size",13
"
										Sexy Hair
								",Michael O' Rourke,FALSE,FALSE,1998,"
Hair, Men, Gifts, Bath & Body",83
"
										SheaMoisture
								",Sofi Tucker and Richelieu Dennis,TRUE,TRUE,1991,"Hair, Bath & Body, Skin Care, Tools & Brushes, Men, Makeup",110
"
										Shimmer Lights
								",Prashant Thawani ,FALSE,TRUE,2010,"Hair ,Gifts",7
"
										Shiseido
								",Arinobu Fukuhara,FALSE,TRUE,1872,"Skin Care, Bath & Body, Tools & Brushes, Makeup, Gifts",32
"
										Silk'n
								",Moshe Mizrahy,FALSE,FALSE,2006,Tools & Brushes,2
"
										sk*p
								",April Hardwick and Mark Veeder,TRUE,FALSE,2020,"Skin Care ,Hair ,Bath & Body ,Men ,Gifts",6
"
										Skin Gym
								",Karina Sulzer,TRUE,FALSE,2017,"Skin Care ,Tools & Brushes",17
"
										SKIN&CO
								",Gabriel Balestra,FALSE,FALSE,2014,"Skin Care ,Gifts",11
"
										Skinfood
								",Yun-Ho Cho,FALSE,TRUE,1957,"Skin Care ,Bath & Body",20
"
										SkinKick
								",Matty Schirle,FALSE,FALSE,2016,"Skin Care ,Gifts",6
"
										Skinnydip
								",James Gold,FALSE,FALSE,2011,,5
"
										Skintimate
								",Jacob Schick,FALSE,FALSE,1993,Tools & Brushes,7
"
										Skyn Iceland
								",Sarah Kugelman,TRUE,FALSE,2003,"Skin Care ,Gifts ,Makeup",29
"
										SmartyPits
								",Stacia Guzzo,TRUE,FALSE,2014,,10
"
										Smashbox
								",Davis Factor and Dean Factor,FALSE,FALSE,1996,"Makeup, Gifts, Skin Care",52
"
										SNP
								",Park Seol-woong,FALSE,TRUE,2009,"Global Skin Care ,Moisturizers ,Cleansers ,Treatment & Serums",6
"
										Soap & Glory
								",Marcia Kilgore,TRUE,FALSE,2006,"Bath & Body, Skin Care, Makeup, Gifts",49
"
										SoCozy
								",Cozy Friedman,TRUE,FALSE,2002,"Hair ,Bath & Body",16
"
										Sorbus
								",Yong Kim,FALSE,TRUE,2016,,6
"
										Specific Beauty
								",Heather Woolery-Lloyd,TRUE,TRUE,2010,"Skin Care ,Gifts",10
"
										Spectrum
								",Sophie and Hannah Pycroft,TRUE,FALSE,2014,,1
"
										Spongeables
								",Elaine Binder,TRUE,FALSE,2003,"Bath & Body ,Nails ,Skin Care",7
"
										Spotlight Oral Care
								",Lisa Creaven,TRUE,FALSE,2016,"Bath & Body ,Tools & Brushes ,Gifts",15
"
										St. Moriz
								",Melanie Brownlow,TRUE,FALSE,2007,"Bath & Body ,Skin Care",10
"
										St. Tropez
								",Judy Naake,TRUE,FALSE,2007,"Bath & Body ,Gifts",31
"
										Stila
								",Jeanine Lobell,TRUE,FALSE,1994,"Makeup, Gifts",31
"
										STMNT Grooming Goods
								","Sofie Pok, Julius Arriola, and Miguel Gutierrez",TRUE,TRUE,2020,"Men ,Hair ,Gifts ,Bath & Body",16
"
										StriVectin
								",Joan Sing Malloy,TRUE,TRUE,2002,"Skin Care, Gifts, Bath & Body, Makeup",48
"
										Sugarbearhair
								",Nicole Nightly and Dan Morris,TRUE,FALSE,2015,"Gifts ,Bath & Body ,Skin Care",6
"
										Sun + Moon
								",Amber Ivie,TRUE,FALSE,2014,"Moisturizers ,Treatment & Serums ,Cleansers",6
"
										Sun Bum
								",Tom Rinks,FALSE,FALSE,2009,"Skin Care ,Bath & Body ,Hair ,Gifts ,Makeup",72
"
										SUNDAY RILEY
								",Sunday Riley,TRUE,FALSE,2009,"Skin Care ,Gifts ,Bath & Body ,Hair",25
"
										Sunday || Sunday 
								",Keenan Beasley,FALSE,FALSE,2020,"Hair ,Skin Care ,Bath & Body",8
"
										Supergoop!
								",Holly Thaggard,TRUE,FALSE,2007,"Skin Care ,Bath & Body ,Makeup ,Gifts",20
"
										Supersmile
								",Irwin Smigel and Lucia Smigel,TRUE,FALSE,1987,,5
"
										SweetSpot Labs
								",Shari Creed,TRUE,FALSE,2003,"Bath & Body ,Skin Care ,Gifts",16
T3,Gay Warren Gaddis,TRUE,FALSE,1989,"Tools & Brushes ,Hair ,Gifts",27
"
										TAN-LUXE
								","Brendan Heggarty, Marc Elrick, and Joanna Livingstone",TRUE,FALSE,2015,"Skin Care ,Bath & Body ,Gifts",16
"
										Tangle Teezer
								",Shaun Pulfrey,FALSE,FALSE,2007,"Tools & Brushes ,Hair ,Gifts ,Men",32
"
										Tanologist
								",Lottie Tomlinson,TRUE,FALSE,2018,"Skin Care ,Bath & Body ,Gifts",11
"
										Tartan + Twine
								",Suzanne G,TRUE,FALSE,2014,"Makeup ,Gifts ,Tools & Brushes ,Skin Care ,Hair ,Bath & Body",54
"
										Tarte
								",Maureen Kelly,TRUE,FALSE,2000,"Makeup, Skin Care, Gifts, Tools & Brushes, Bath & Body, Hair",118
"
										Teami Blends
								",Adi Arezzini,TRUE,FALSE,2013,"Skin Care ,Bath & Body",9
"
										Terra Beauty Bars
								","Fernanda, Luana, Jasmine, and Angela",TRUE,TRUE,2016,"Skin Care ,Bath & Body ,Gifts ,Nails ,Hair",14
"
										tgin
								",Chris-Tia Donaldson,TRUE,TRUE,2011,"Hair ,Tools & Brushes ,Bath & Body ,Skin Care",27
"
										Thayers
								",Henry Thayer,FALSE,FALSE,1847,"Cleansers ,Moisturizers ,Travel Size",9
"
										The Crème Shop
								",Theresa and Lawrence Kim,TRUE,TRUE,1988,"Global Skin Care ,Treatment & Serums ,Moisturizers ,Eye Treatments",20
"
										The Fox Tan
								",Olivia Zorzut and Kelly Euripidou,TRUE,FALSE,2015,"Skin Care ,Bath & Body",10
"
										The Good Patch
								","Betsy Scanlan, Kelly Brock, and David Nicholson",TRUE,FALSE,2018,Sleep Essentials,12
"
										The Hair Edit
								",James Simon,FALSE,FALSE,2019,"Tools & Brushes ,Hair",43
"
										The Handmade Soap Co.
								",Donagh Quigley,FALSE,FALSE,2009,"Bath & Body ,Gifts ,Fragrance",29
"
										The Mane Choice
								",Courtney Adeleye,TRUE,TRUE,2013,"Hair ,Skin Care ,Bath & Body",20
"
										The Ordinary
								",Jo Ingram,TRUE,FALSE,2012,"Skin Care , Makeup, Hair, Gifts",51
"
										The Original MakeUp Eraser
								",Elexsis McCarthy,TRUE,FALSE,2013,"Skin Care ,Makeup ,Gifts",7
"
										THE ROUTE
								",Evan Walker,FALSE,FALSE,2018,"Skin Care ,Makeup ,Gifts",11
"
										Thick Head
								",Jennifer Jackson,TRUE,TRUE,2015,"Men ,Hair ,Skin Care ,Gifts ,Bath & Body",5
"
										this works
								",Kathy Phillips,TRUE,FALSE,2003,"Bath & Body ,Gifts",6
"
										Tiffany & Co.
								",Charles Lewis Tiffany and John B. Young,FALSE,FALSE,1837,"Fragrance ,Gifts ,Men",6
"
										Tigi
								",Anthony Mascolo,FALSE,FALSE,1986,"Treatment, Styling Products",4
"
										TOM FORD
								",Tom Ford,FALSE,FALSE,2005,"Fragrance ,Men ,Gifts",21
"
										TONYMOLY
								",Haedong Bae,FALSE,TRUE,2006,"Skin Care, Gifts, Bath & Body",70
"
										Too Faced
								",Jerrod Blandino and Jeremy Johnson,FALSE,FALSE,1998,"Makeup, Gifts, Skin Care, Fragrance",55
"
										Toppik
								",Mark H. Kress,FALSE,FALSE,1981,"Hair ,Men",13
"
										Tory Burch
								",Tory Burch,TRUE,FALSE,2004,"Fragrance ,Gifts",6
"
										Touchland
								",Andrea Lisbona,TRUE,FALSE,2010,,3
"
										Tree Hut
								",Julia and Joh Olson,TRUE,TRUE,2002,"Bath & Body ,Skin Care ,Gifts",44
"
										Tresemme
								",Edna L. Emmé,TRUE,FALSE,1948,"Styling Products ,Shampoo & Conditioner ,Treatment",16
"
										Treslúce Beauty
								",Becky G,TRUE,FALSE,2021,"Makeup ,Tools & Brushes",11
"
										Truly
								",Erol Toker,FALSE,FALSE,2016,"Skin Care ,Bath & Body ,Hair ,Gifts ,Men ,Makeup ,Fragrance",99
"
										Tula
								",Roshini Raj,TRUE,TRUE,2013,"Skin Care ,Gifts ,Makeup ,Bath & Body",57
"
										Turbie Twist
								",Angela Carr and Christina Cummings,TRUE,FALSE,2006,"Bath & Body ,Gifts",4
"
										Tweezerman
								",Dal LaMagna,FALSE,FALSE,1980,"Tools & Brushes ,Makeup ,Nails ,Bath & Body ,Gifts ,Men ,Skin Care",51
"
										Tyme
								",Jacynda Smith,TRUE,FALSE,2020,,1
ULTA,Terry Hanson and Dick George,TRUE,FALSE,1990,"ULTA Collection ,Bath & Body ,Makeup ,Skin Care ,Tools & Brushes ,Gifts ,Fragrance ,Nails ,Hair",513
"
										Undone Beauty
								",Ann Somma,TRUE,FALSE,2018,"Makeup ,Skin Care ,Gifts ,Tools & Brushes ,Bath & Body",29
"
										Urban Decay Cosmetics
								","Pat Holmes, Sandy Lerner, Wende Zomnir and David Soward",TRUE,FALSE,1996,"Makeup, Gifts, Tools & Brushes, Skin Care",58
"
										Urban Hydration
								",Psyche Terry,TRUE,TRUE,2010,"Skin Care ,Bath & Body",18
"
										Urban Skin Rx Pro Strength
								",Rachel Roff,TRUE,FALSE,2010,"Treatment & Serums ,Moisturizers ,Cleansers",6
"
										Urban Veda
								",Sheilesh Shah,FALSE,TRUE,2013,"Skin Care ,Gifts",20
Ursa Major,Oliver Sweatman and Emily Doyle,TRUE,FALSE,1869,"Men ,Skin Care ,Bath & Body",5
Valentino,Valentino Garavani,FALSE,FALSE,1960,"Lips ,Face",3
"
										Velour Lashes
								",Mabel Lee,TRUE,TRUE,2011,"Makeup ,Tools & Brushes ,Skin Care",22
"
										Verb
								",Claire Moses,TRUE,FALSE,2009,"Hair ,Gifts ,Bath & Body ,Men",38
"
										Vichy
								",Prosper Haller,FALSE,FALSE,1931,"Skin Care ,Bath & Body ,Makeup",34
"
										Viktor&Rolf
								",Viktor Horsting and Rolf Snoeren,FALSE,FALSE,1993,"Fragrance ,Men ,Gifts",18
"
										Virtue
								",Melisse Shaban,TRUE,FALSE,2013,"Hair ,Gifts",41
"
										VitaminSea.beauty
								",Kelly Roth,TRUE,FALSE,2016,"Global Skin Care ,Treatment & Serums ,Cleansers",11
"
										Viviscal
								",James Murphy,FALSE,FALSE,1990,"Hair ,Skin Care ,Bath & Body ,Men",6
"
										Voir
								",Nia Schindle and Andy Hoang,TRUE,TRUE,2017,"Shampoo & Conditioner ,Treatment ,Styling Products",10
"
										Volt
								",Jaro Turek,TRUE,FALSE,2001,,1
Wahl,Leo J. Wahl,FALSE,FALSE,1919,"Men ,Tools & Brushes ,Bath & Body",4
"
										Wakse
								",Shayan Sadrolashrafi and Andrew Glass,FALSE,FALSE,2018,"Bath & Body ,Skin Care",22
"
										We Are Paradoxx
								",Yolanda Cooper,TRUE,FALSE,2019,"Hair ,Bath & Body ,Skin Care ,Gifts",13
"
										Well People
								",Shirley Pinkson,TRUE,FALSE,2009,"Makeup ,Skin Care ,Tools & Brushes ,Gifts",27
"
										Wella
								",Franz Ströher,FALSE,FALSE,1880,"Shampoo & Conditioner ,Styling Products ,Treatment ,Travel Size",63
"
										Wet n Wild
								",George Millay,FALSE,FALSE,1984,"Makeup ,Tools & Brushes ,Skin Care ,Gifts",85
"
										Wigo
								",Ben Kaplan,FALSE,FALSE,2014,,13
"
										WLDKAT
								",Amy Zunzunegui,TRUE,FALSE,2019,"Skin Care ,Gifts ,Bath & Body",14
"
										Wunder2
								",Michael Malinsky,FALSE,FALSE,2015,"Makeup ,Skin Care",5
YUNI,Emmanuel Rey,FALSE,FALSE,2015,"Face Mists & Essences ,Face Oils",2
Yves Saint Laurent,Yves Saint Laurent and Pierre Bergé,FALSE,FALSE,1961,"Fragrance ,Men ,Gifts",25
ZitSticka,Daniel Kaplan and Robbie Miller,FALSE,FALSE,2017,"Skin Care ,Bath & Body",10
Zoya,Saad Malik,TRUE,TRUE,1986,"Top & Base Coats ,Nail Care ,Nail Polish",6
18.21 Man Made,"Angel del Solar, Aston LaFon and David del Solar",FALSE,FALSE,2013,"Hair ,Body Care ,Shaving ,Skin Care ,Travel Size",14